user_id,actor_id,scenary_type,event_type,event_datetime
67,10,Sandbox,start_look_at,1686821827
67,10,Sandbox,stop_look_at,1686821828
67,10,Sandbox,start_point_to,1686821828
67,10,Sandbox,stop_point_to,1686821828
67,11,Sandbox,start_look_at,1686821829
67,11,Sandbox,stop_look_at,1686821830
67,11,Sandbox,start_look_at,1686821830
67,11,Sandbox,stop_look_at,1686821830
67,11,Sandbox,pick_up,1686821831
67,11,Sandbox,start_look_at,1686821831
67,11,Sandbox,start_look_at,1686821831
67,11,Sandbox,stop_look_at,1686821831
67,11,Sandbox,stop_look_at,1686821832
67,11,Sandbox,start_look_at,1686821832
67,11,Sandbox,stop_look_at,1686821832
67,11,Sandbox,start_look_at,1686821832
67,11,Sandbox,stop_look_at,1686821832
67,11,Sandbox,measure_radiation,1686821832
67,11,Sandbox,start_look_at,1686821833
67,11,Sandbox,stop_look_at,1686821834
67,11,Sandbox,start_look_at,1686821834
67,10,Sandbox,stop_look_at,1686821834
67,10,Sandbox,start_look_at,1686821834
67,11,Sandbox,stop_look_at,1686821834
67,11,Sandbox,start_look_at,1686821835
67,11,Sandbox,stop_look_at,1686821835
67,11,Sandbox,drop,1686821836
67,11,Sandbox,pick_up,1686821836
67,11,Sandbox,drop,1686821836
67,10,Sandbox,start_point_to,1686821836
67,10,Sandbox,stop_point_to,1686821836
67,10,Sandbox,start_look_at,1686821836
67,10,Sandbox,stop_look_at,1686821837
67,10,Sandbox,start_look_at,1686821837
67,10,Sandbox,start_point_to,1686821837
67,10,Sandbox,stop_point_to,1686821837
67,10,Sandbox,stop_look_at,1686821837
67,10,Sandbox,start_look_at,1686821838
67,10,Sandbox,start_point_to,1686821838
67,10,Sandbox,pick_up,1686821838
67,10,Sandbox,stop_look_at,1686821838
67,10,Sandbox,start_point_to,1686821838
67,10,Sandbox,stop_point_to,1686821839
67,10,Sandbox,start_look_at,1686821839
67,10,Sandbox,start_point_to,1686821839
67,10,Sandbox,stop_point_to,1686821839
67,10,Sandbox,start_point_to,1686821840
67,10,Sandbox,stop_point_to,1686821840
67,10,Sandbox,stop_look_at,1686821841
67,10,Sandbox,start_look_at,1686821841
67,10,Sandbox,stop_look_at,1686821841
67,10,Sandbox,start_point_to,1686821841
67,10,Sandbox,stop_point_to,1686821842
67,11,Sandbox,stop_point_to,1686821843
67,11,Sandbox,start_point_to,1686821843
67,10,Sandbox,start_look_at,1686821844
67,10,Sandbox,stop_look_at,1686821844
67,10,Sandbox,start_point_to,1686821844
67,10,Sandbox,stop_point_to,1686821844
67,10,Sandbox,start_point_to,1686821845
67,10,Sandbox,stop_point_to,1686821845
67,10,Sandbox,start_look_at,1686821845
67,10,Sandbox,stop_point_to,1686821845
67,10,Sandbox,start_point_to,1686821845
67,10,Sandbox,start_look_at,1686821845
67,10,Sandbox,stop_look_at,1686821845
67,10,Sandbox,start_point_to,1686821846
67,10,Sandbox,stop_look_at,1686821846
67,10,Sandbox,start_look_at,1686821846
67,10,Sandbox,stop_point_to,1686821846
67,10,Sandbox,start_point_to,1686821846
67,10,Sandbox,drop,1686821846
67,11,Sandbox,stop_look_at,1686821847
67,11,Sandbox,start_look_at,1686821847
67,10,Sandbox,stop_point_to,1686821847
67,10,Sandbox,stop_look_at,1686821847
67,10,Sandbox,stop_point_to,1686821847
67,10,Sandbox,stop_point_to,1686821847
67,10,Sandbox,start_point_to,1686821847
67,7,Sandbox,start_look_at,1686821884
67,7,Sandbox,start_point_to,1686821884
67,7,Sandbox,start_point_to,1686821884
67,7,Sandbox,stop_point_to,1686821884
67,7,Sandbox,start_point_to,1686821885
67,7,Sandbox,start_point_to,1686821885
67,7,Sandbox,stop_point_to,1686821885
67,7,Sandbox,start_point_to,1686821886
67,7,Sandbox,stop_point_to,1686821886
67,7,Sandbox,stop_point_to,1686821888
67,7,Sandbox,stop_look_at,1686821888
67,7,Sandbox,stop_point_to,1686821888
67,7,Sandbox,start_point_to,1686821888
67,7,Sandbox,stop_point_to,1686821888
67,7,Sandbox,start_point_to,1686821888
67,7,Sandbox,start_point_to,1686821888
67,7,Sandbox,start_point_to,1686821889
67,7,Sandbox,stop_point_to,1686821889
67,7,Sandbox,start_point_to,1686821889
67,7,Sandbox,stop_point_to,1686821889
67,7,Sandbox,start_look_at,1686821889
67,7,Sandbox,stop_point_to,1686821890
67,7,Sandbox,start_point_to,1686821890
67,7,Sandbox,stop_point_to,1686821890
67,7,Sandbox,start_point_to,1686821890
67,7,Sandbox,stop_point_to,1686821891
67,7,Sandbox,stop_look_at,1686821891
67,7,Sandbox,stop_point_to,1686821891
67,7,Sandbox,start_point_to,1686821891
67,7,Sandbox,start_point_to,1686821891
67,7,Sandbox,stop_point_to,1686821891
67,7,Sandbox,stop_point_to,1686821891
67,7,Sandbox,start_look_at,1686821893
67,7,Sandbox,start_point_to,1686821894
67,7,Sandbox,stop_look_at,1686821894
67,7,Sandbox,stop_point_to,1686821894
67,7,Sandbox,start_point_to,1686821894
67,7,Sandbox,stop_point_to,1686821894
67,7,Sandbox,stop_look_at,1686821895
67,7,Sandbox,stop_point_to,1686821895
67,7,Sandbox,start_look_at,1686821895
67,7,Sandbox,start_point_to,1686821895
67,7,Sandbox,start_look_at,1686821896
67,7,Sandbox,start_point_to,1686821896
67,7,Sandbox,start_point_to,1686821896
67,7,Sandbox,stop_point_to,1686821896
67,7,Sandbox,start_point_to,1686821896
67,7,Sandbox,start_point_to,1686821897
67,7,Sandbox,stop_point_to,1686821897
67,7,Sandbox,stop_point_to,1686821897
67,7,Sandbox,start_point_to,1686821897
67,7,Sandbox,start_point_to,1686821899
67,7,Sandbox,stop_point_to,1686821899
67,7,Sandbox,stop_look_at,1686821900
67,7,Sandbox,stop_point_to,1686821900
67,7,Sandbox,start_point_to,1686821900
67,7,Sandbox,start_look_at,1686821900
67,7,Sandbox,interact_with,1686821902
67,7,Sandbox,stop_look_at,1686821902
67,7,Sandbox,stop_point_to,1686821902
67,7,Sandbox,start_point_to,1686821903
67,7,Sandbox,start_look_at,1686821903
67,7,Sandbox,stop_look_at,1686821903
67,7,Sandbox,start_point_to,1686821903
67,7,Sandbox,stop_point_to,1686821903
67,7,Sandbox,stop_point_to,1686821904
67,7,Sandbox,start_point_to,1686821904
67,7,Sandbox,stop_point_to,1686821904
67,7,Sandbox,start_point_to,1686821904
67,7,Sandbox,stop_point_to,1686821904
67,7,Sandbox,start_look_at,1686821904
67,7,Sandbox,start_point_to,1686821904
67,7,Sandbox,stop_look_at,1686821905
67,7,Sandbox,start_point_to,1686821906
67,7,Sandbox,stop_point_to,1686821906
67,7,Sandbox,stop_point_to,1686821906
67,7,Sandbox,start_point_to,1686821906
67,7,Sandbox,start_look_at,1686821907
67,7,Sandbox,stop_point_to,1686821907
67,7,Sandbox,start_point_to,1686821907
67,7,Sandbox,stop_point_to,1686821908
67,7,Sandbox,stop_look_at,1686821909
67,7,Sandbox,stop_point_to,1686821910
67,7,Sandbox,start_point_to,1686821910
67,7,Sandbox,start_look_at,1686821910
67,7,Sandbox,stop_look_at,1686821911
67,7,Sandbox,start_point_to,1686821911
67,7,Sandbox,stop_point_to,1686821912
67,7,Sandbox,start_point_to,1686821912
67,7,Sandbox,start_look_at,1686821913
67,7,Sandbox,stop_look_at,1686821913
67,7,Sandbox,stop_point_to,1686821913
67,7,Sandbox,stop_point_to,1686821914
67,7,Sandbox,start_point_to,1686821914
67,7,Sandbox,stop_point_to,1686821914
67,7,Sandbox,start_point_to,1686821914
67,7,Sandbox,start_look_at,1686821915
67,7,Sandbox,stop_look_at,1686821916
67,7,Sandbox,start_point_to,1686821917
67,7,Sandbox,stop_point_to,1686821917
67,7,Sandbox,start_point_to,1686821918
67,7,Sandbox,stop_point_to,1686821918
67,7,Sandbox,start_look_at,1686821919
67,7,Sandbox,start_point_to,1686821919
67,7,Sandbox,stop_point_to,1686821920
67,7,Sandbox,start_point_to,1686821920
67,7,Sandbox,stop_look_at,1686821920
67,7,Sandbox,stop_point_to,1686821920
67,7,Sandbox,start_point_to,1686821923
67,7,Sandbox,start_look_at,1686821923
67,7,Sandbox,interact_with,1686821923
67,7,Sandbox,interact_with,1686821924
67,7,Sandbox,stop_look_at,1686821924
67,7,Sandbox,interact_with,1686821924
67,7,Sandbox,stop_point_to,1686821924
67,7,Sandbox,start_point_to,1686821925
67,7,Sandbox,stop_point_to,1686821925
67,7,Sandbox,stop_point_to,1686821926
67,7,Sandbox,start_look_at,1686821927
67,7,Sandbox,start_point_to,1686821928
67,7,Sandbox,stop_point_to,1686821928
67,7,Sandbox,stop_look_at,1686821928
67,7,Sandbox,start_look_at,1686821941
67,7,Sandbox,start_point_to,1686821941
67,7,Sandbox,talk_with,1686821941
67,7,Sandbox,start_point_to,1686821941
67,7,Sandbox,stop_point_to,1686821942
67,7,Sandbox,stop_point_to,1686821943
67,7,Sandbox,start_point_to,1686821945
67,7,Sandbox,stop_point_to,1686821946
67,7,Sandbox,stop_look_at,1686821952
67,7,Sandbox,start_look_at,1686821952
67,7,Sandbox,stop_look_at,1686821958
67,7,Sandbox,start_look_at,1686821959
67,7,Sandbox,start_point_to,1686821959
67,7,Sandbox,stop_point_to,1686821959
67,7,Sandbox,stop_point_to,1686821960
67,7,Sandbox,start_point_to,1686821960
67,7,Sandbox,stop_look_at,1686821965
67,7,Sandbox,start_point_to,1686821965
67,7,Sandbox,stop_point_to,1686821965
67,7,Sandbox,start_look_at,1686821966
67,7,Sandbox,start_point_to,1686821966
67,7,Sandbox,start_point_to,1686821966
67,7,Sandbox,start_point_to,1686821967
67,7,Sandbox,stop_point_to,1686821967
67,7,Sandbox,stop_point_to,1686821967
67,7,Sandbox,stop_look_at,1686821968
67,7,Sandbox,stop_point_to,1686821968
67,10,Sandbox,start_point_to,1686821982
67,10,Sandbox,stop_point_to,1686821982
67,10,Sandbox,start_look_at,1686821984
67,10,Sandbox,stop_look_at,1686821985
67,10,Sandbox,start_look_at,1686821985
67,10,Sandbox,stop_look_at,1686821985
67,10,Sandbox,stop_point_to,1686821985
67,10,Sandbox,stop_point_to,1686821985
67,10,Sandbox,start_point_to,1686821985
67,10,Sandbox,start_point_to,1686821985
67,10,Sandbox,start_look_at,1686821986
67,10,Sandbox,start_point_to,1686821986
67,10,Sandbox,stop_look_at,1686821986
67,10,Sandbox,pick_up,1686821986
67,10,Sandbox,start_point_to,1686821986
67,10,Sandbox,stop_point_to,1686821987
67,10,Sandbox,start_point_to,1686821987
67,10,Sandbox,stop_look_at,1686821988
67,10,Sandbox,stop_point_to,1686821988
67,10,Sandbox,stop_point_to,1686821988
67,10,Sandbox,start_point_to,1686821988
67,10,Sandbox,start_look_at,1686821988
67,10,Sandbox,stop_point_to,1686821989
67,10,Sandbox,start_point_to,1686821989
67,10,Sandbox,stop_point_to,1686821989
67,10,Sandbox,start_look_at,1686821989
67,10,Sandbox,place_correct,1686821989
67,10,Sandbox,start_look_at,1686821990
67,10,Sandbox,stop_look_at,1686821990
67,10,Sandbox,stop_look_at,1686821990
67,10,Sandbox,start_look_at,1686821990
67,10,Sandbox,drop,1686821991
67,10,Sandbox,start_point_to,1686821992
67,10,Sandbox,stop_point_to,1686821992
67,10,Sandbox,stop_look_at,1686821992
67,10,Sandbox,start_look_at,1686821992
67,10,Sandbox,stop_look_at,1686821992
67,10,Sandbox,start_point_to,1686821992
67,10,Sandbox,stop_point_to,1686821993
67,10,Sandbox,start_look_at,1686821993
67,10,Sandbox,stop_look_at,1686821993
67,12,Sandbox,start_point_to,1686822015
67,12,Sandbox,stop_point_to,1686822015
67,12,Sandbox,start_look_at,1686822015
67,12,Sandbox,stop_look_at,1686822016
67,12,Sandbox,start_look_at,1686822016
67,12,Sandbox,pick_up,1686822016
67,12,Sandbox,stop_look_at,1686822016
67,12,Sandbox,start_look_at,1686822016
67,12,Sandbox,stop_look_at,1686822016
67,12,Sandbox,start_look_at,1686822017
67,12,Sandbox,stop_look_at,1686822017
67,12,Sandbox,start_look_at,1686822018
67,12,Sandbox,stop_look_at,1686822018
67,11,Sandbox,stop_look_at,1686822018
67,12,Sandbox,start_look_at,1686822018
67,12,Sandbox,stop_look_at,1686822018
67,11,Sandbox,start_look_at,1686822018
67,12,Sandbox,start_look_at,1686822019
67,12,Sandbox,stop_look_at,1686822019
67,12,Sandbox,start_look_at,1686822019
67,12,Sandbox,drop,1686822019
67,12,Sandbox,stop_look_at,1686822019
67,12,Sandbox,start_look_at,1686822021
67,12,Sandbox,stop_look_at,1686822021
67,12,Sandbox,start_look_at,1686822021
67,12,Sandbox,stop_look_at,1686822021
67,12,Sandbox,start_look_at,1686822021
67,12,Sandbox,start_look_at,1686822021
67,12,Sandbox,stop_look_at,1686822021
67,12,Sandbox,stop_look_at,1686822022
67,12,Sandbox,pick_up,1686822022
67,11,Sandbox,stop_look_at,1686822024
67,11,Sandbox,start_point_to,1686822024
67,11,Sandbox,start_look_at,1686822024
67,11,Sandbox,stop_point_to,1686822025
67,11,Sandbox,pick_up,1686822025
67,2,Sandbox,stop_point_to,1686822029
67,2,Sandbox,stop_point_to,1686822029
67,2,Sandbox,start_point_to,1686822029
67,2,Sandbox,start_point_to,1686822029
67,2,Sandbox,stop_point_to,1686822029
67,2,Sandbox,start_point_to,1686822029
67,12,Sandbox,start_look_at,1686822029
67,2,Sandbox,start_point_to,1686822030
67,2,Sandbox,stop_point_to,1686822030
67,12,Sandbox,stop_look_at,1686822030
67,11,Sandbox,start_look_at,1686822030
67,11,Sandbox,start_look_at,1686822031
67,11,Sandbox,stop_look_at,1686822031
67,11,Sandbox,stop_look_at,1686822031
67,7,Sandbox,start_point_to,1686822033
67,7,Sandbox,stop_point_to,1686822034
67,7,Sandbox,stop_look_at,1686822034
67,7,Sandbox,start_look_at,1686822034
67,7,Sandbox,start_point_to,1686822034
67,7,Sandbox,stop_point_to,1686822035
67,11,Sandbox,measure_radiation,1686822035
67,7,Sandbox,start_look_at,1686822035
67,7,Sandbox,start_point_to,1686822035
67,7,Sandbox,start_point_to,1686822035
67,11,Sandbox,measure_radiation,1686822035
67,11,Sandbox,measure_radiation,1686822035
67,11,Sandbox,measure_radiation,1686822035
67,11,Sandbox,measure_radiation,1686822035
67,11,Sandbox,measure_radiation,1686822035
67,11,Sandbox,measure_radiation,1686822036
67,7,Sandbox,stop_point_to,1686822036
67,7,Sandbox,start_point_to,1686822036
67,11,Sandbox,measure_radiation,1686822036
67,11,Sandbox,measure_radiation,1686822036
67,11,Sandbox,measure_radiation,1686822036
67,11,Sandbox,measure_radiation,1686822036
67,11,Sandbox,measure_radiation,1686822036
67,7,Sandbox,stop_point_to,1686822036
67,11,Sandbox,measure_radiation,1686822036
67,7,Sandbox,start_point_to,1686822036
67,11,Sandbox,measure_radiation,1686822036
67,11,Sandbox,measure_radiation,1686822036
67,11,Sandbox,measure_radiation,1686822036
67,11,Sandbox,measure_radiation,1686822036
67,11,Sandbox,measure_radiation,1686822036
67,11,Sandbox,measure_radiation,1686822036
67,11,Sandbox,measure_radiation,1686822036
67,11,Sandbox,measure_radiation,1686822036
67,7,Sandbox,stop_point_to,1686822036
67,11,Sandbox,measure_radiation,1686822036
67,11,Sandbox,measure_radiation,1686822036
67,7,Sandbox,stop_look_at,1686822037
67,7,Sandbox,stop_point_to,1686822037
67,11,Sandbox,measure_radiation,1686822038
67,7,Sandbox,start_point_to,1686822039
67,7,Sandbox,start_point_to,1686822039
67,7,Sandbox,start_look_at,1686822039
67,7,Sandbox,stop_look_at,1686822039
67,7,Sandbox,start_look_at,1686822040
67,7,Sandbox,stop_point_to,1686822040
67,7,Sandbox,stop_point_to,1686822040
67,7,Sandbox,stop_look_at,1686822040
67,11,Sandbox,measure_radiation,1686822041
67,11,Sandbox,drop,1686822041
67,7,Sandbox,start_look_at,1686822042
67,7,Sandbox,start_point_to,1686822042
67,7,Sandbox,stop_look_at,1686822044
67,7,Sandbox,stop_point_to,1686822044
67,7,Sandbox,start_point_to,1686822045
67,7,Sandbox,stop_point_to,1686822046
67,7,Sandbox,start_look_at,1686822047
67,7,Sandbox,start_point_to,1686822048
67,7,Sandbox,stop_point_to,1686822048
67,7,Sandbox,stop_look_at,1686822048
67,7,Sandbox,start_point_to,1686822048
67,7,Sandbox,stop_point_to,1686822049
67,7,Sandbox,start_look_at,1686822052
67,11,Sandbox,measure_radiation,1686822052
67,11,Sandbox,stop_look_at,1686822052
67,11,Sandbox,measure_radiation,1686822052
67,11,Sandbox,pick_up,1686822052
67,11,Sandbox,stop_look_at,1686822052
67,11,Sandbox,start_look_at,1686822052
67,11,Sandbox,start_point_to,1686822052
67,11,Sandbox,start_look_at,1686822052
67,11,Sandbox,start_look_at,1686822053
67,7,Sandbox,start_point_to,1686822053
67,7,Sandbox,start_look_at,1686822053
67,11,Sandbox,stop_look_at,1686822053
67,11,Sandbox,measure_radiation,1686822053
67,7,Sandbox,stop_look_at,1686822053
67,7,Sandbox,start_point_to,1686822053
67,7,Sandbox,stop_point_to,1686822053
67,7,Sandbox,stop_look_at,1686822053
67,11,Sandbox,start_look_at,1686822053
67,11,Sandbox,measure_radiation,1686822053
67,11,Sandbox,stop_look_at,1686822053
67,7,Sandbox,start_look_at,1686822053
67,7,Sandbox,stop_look_at,1686822054
67,11,Sandbox,start_look_at,1686822054
67,11,Sandbox,start_point_to,1686822054
67,7,Sandbox,start_look_at,1686822054
67,7,Sandbox,stop_point_to,1686822054
67,11,Sandbox,measure_radiation,1686822054
67,11,Sandbox,measure_radiation,1686822054
67,11,Sandbox,stop_point_to,1686822054
67,7,Sandbox,start_point_to,1686822054
67,7,Sandbox,stop_point_to,1686822054
67,11,Sandbox,stop_look_at,1686822054
67,11,Sandbox,measure_radiation,1686822055
67,11,Sandbox,measure_radiation,1686822055
67,11,Sandbox,measure_radiation,1686822056
67,11,Sandbox,stop_point_to,1686822056
67,7,Sandbox,start_point_to,1686822056
67,11,Sandbox,measure_radiation,1686822056
67,11,Sandbox,measure_radiation,1686822057
67,11,Sandbox,start_look_at,1686822057
67,11,Sandbox,measure_radiation,1686822057
67,7,Sandbox,stop_look_at,1686822057
67,7,Sandbox,stop_point_to,1686822057
67,11,Sandbox,measure_radiation,1686822057
67,11,Sandbox,start_point_to,1686822057
67,11,Sandbox,measure_radiation,1686822059
67,7,Sandbox,start_point_to,1686822059
67,7,Sandbox,start_look_at,1686822059
67,11,Sandbox,stop_look_at,1686822059
67,7,Sandbox,stop_point_to,1686822059
67,11,Sandbox,measure_radiation,1686822059
67,11,Sandbox,stop_look_at,1686822059
67,7,Sandbox,stop_look_at,1686822059
67,11,Sandbox,start_look_at,1686822059
67,11,Sandbox,measure_radiation,1686822059
67,11,Sandbox,measure_radiation,1686822059
67,11,Sandbox,measure_radiation,1686822059
67,7,Sandbox,start_look_at,1686822059
67,7,Sandbox,start_point_to,1686822060
67,11,Sandbox,stop_point_to,1686822060
67,11,Sandbox,drop,1686822060
67,11,Sandbox,start_look_at,1686822060
67,11,Sandbox,measure_radiation,1686822060
67,11,Sandbox,measure_radiation,1686822060
67,11,Sandbox,measure_radiation,1686822060
67,11,Sandbox,measure_radiation,1686822060
67,7,Sandbox,stop_look_at,1686822060
67,11,Sandbox,stop_look_at,1686822061
67,7,Sandbox,stop_point_to,1686822061
67,11,Sandbox,start_look_at,1686822061
67,11,Sandbox,pick_up,1686822061
67,11,Sandbox,measure_radiation,1686822061
67,11,Sandbox,measure_radiation,1686822062
67,7,Sandbox,stop_point_to,1686822062
67,11,Sandbox,measure_radiation,1686822062
67,7,Sandbox,start_point_to,1686822062
67,11,Sandbox,measure_radiation,1686822062
67,11,Sandbox,stop_look_at,1686822062
67,7,Sandbox,start_point_to,1686822062
67,7,Sandbox,start_look_at,1686822062
67,7,Sandbox,start_point_to,1686822063
67,11,Sandbox,measure_radiation,1686822063
67,7,Sandbox,stop_point_to,1686822063
67,11,Sandbox,measure_radiation,1686822063
67,11,Sandbox,measure_radiation,1686822064
67,11,Sandbox,measure_radiation,1686822064
67,11,Sandbox,measure_radiation,1686822064
67,11,Sandbox,measure_radiation,1686822064
67,11,Sandbox,measure_radiation,1686822064
67,11,Sandbox,measure_radiation,1686822065
67,11,Sandbox,measure_radiation,1686822067
67,11,Sandbox,measure_radiation,1686822067
67,11,Sandbox,measure_radiation,1686822067
67,11,Sandbox,measure_radiation,1686822067
67,11,Sandbox,measure_radiation,1686822068
67,11,Sandbox,measure_radiation,1686822068
67,11,Sandbox,measure_radiation,1686822069
67,11,Sandbox,measure_radiation,1686822069
67,11,Sandbox,measure_radiation,1686822070
67,11,Sandbox,measure_radiation,1686822070
67,11,Sandbox,measure_radiation,1686822071
67,11,Sandbox,measure_radiation,1686822071
67,11,Sandbox,measure_radiation,1686822072
67,11,Sandbox,measure_radiation,1686822072
67,11,Sandbox,measure_radiation,1686822073
67,11,Sandbox,measure_radiation,1686822073
67,11,Sandbox,measure_radiation,1686822074
67,7,Sandbox,stop_point_to,1686822075
67,11,Sandbox,measure_radiation,1686822075
67,11,Sandbox,measure_radiation,1686822075
67,11,Sandbox,measure_radiation,1686822076
67,11,Sandbox,measure_radiation,1686822076
67,11,Sandbox,measure_radiation,1686822077
67,7,Sandbox,start_point_to,1686822077
67,11,Sandbox,measure_radiation,1686822077
67,11,Sandbox,measure_radiation,1686822078
67,11,Sandbox,measure_radiation,1686822078
67,11,Sandbox,measure_radiation,1686822079
67,7,Sandbox,start_point_to,1686822079
67,7,Sandbox,stop_point_to,1686822079
67,11,Sandbox,measure_radiation,1686822079
67,11,Sandbox,measure_radiation,1686822080
67,11,Sandbox,measure_radiation,1686822080
67,11,Sandbox,measure_radiation,1686822081
67,7,Sandbox,start_look_at,1686822081
67,11,Sandbox,stop_look_at,1686822081
67,11,Sandbox,measure_radiation,1686822081
67,11,Sandbox,measure_radiation,1686822081
67,11,Sandbox,start_look_at,1686822081
67,7,Sandbox,stop_look_at,1686822081
67,7,Sandbox,stop_point_to,1686822081
67,7,Sandbox,stop_look_at,1686822082
67,11,Sandbox,start_look_at,1686822082
67,11,Sandbox,stop_look_at,1686822082
67,7,Sandbox,start_look_at,1686822082
67,7,Sandbox,stop_look_at,1686822083
67,7,Sandbox,start_point_to,1686822083
67,7,Sandbox,stop_point_to,1686822083
67,7,Sandbox,start_point_to,1686822084
67,7,Sandbox,start_point_to,1686822084
67,7,Sandbox,start_look_at,1686822084
67,7,Sandbox,stop_point_to,1686822084
67,7,Sandbox,start_point_to,1686822084
67,7,Sandbox,stop_point_to,1686822084
67,7,Sandbox,start_point_to,1686822084
67,7,Sandbox,stop_point_to,1686822084
67,7,Sandbox,stop_look_at,1686822085
67,11,Sandbox,measure_radiation,1686822085
67,11,Sandbox,measure_radiation,1686822085
67,11,Sandbox,measure_radiation,1686822085
67,7,Sandbox,stop_point_to,1686822085
67,11,Sandbox,stop_look_at,1686822087
67,11,Sandbox,start_look_at,1686822087
67,2,Sandbox,start_look_at,1686822090
67,11,Sandbox,measure_radiation,1686822090
67,2,Sandbox,stop_look_at,1686822090
67,11,Sandbox,measure_radiation,1686822090
67,2,Sandbox,start_point_to,1686822090
67,2,Sandbox,start_look_at,1686822090
67,2,Sandbox,stop_look_at,1686822091
67,2,Sandbox,start_look_at,1686822091
67,11,Sandbox,start_look_at,1686822091
67,2,Sandbox,start_look_at,1686822091
67,11,Sandbox,stop_look_at,1686822091
67,11,Sandbox,start_look_at,1686822091
67,2,Sandbox,stop_look_at,1686822091
67,2,Sandbox,stop_point_to,1686822091
67,11,Sandbox,stop_look_at,1686822091
67,2,Sandbox,stop_look_at,1686822092
67,11,Sandbox,start_look_at,1686822092
67,11,Sandbox,stop_look_at,1686822092
67,2,Sandbox,start_look_at,1686822092
67,2,Sandbox,stop_look_at,1686822093
67,11,Sandbox,start_look_at,1686822093
67,2,Sandbox,start_look_at,1686822094
67,11,Sandbox,stop_look_at,1686822094
67,2,Sandbox,stop_look_at,1686822096
67,11,Sandbox,start_look_at,1686822096
67,11,Sandbox,stop_look_at,1686822096
67,9,Sandbox,start_look_at,1686822096
67,9,Sandbox,stop_look_at,1686822096
67,11,Sandbox,start_look_at,1686822096
67,11,Sandbox,stop_look_at,1686822097
67,11,Sandbox,start_look_at,1686822097
67,2,Sandbox,start_look_at,1686822097
67,2,Sandbox,stop_look_at,1686822097
67,11,Sandbox,stop_look_at,1686822097
67,11,Sandbox,start_look_at,1686822097
67,11,Sandbox,stop_look_at,1686822097
67,2,Sandbox,start_look_at,1686822097
67,2,Sandbox,stop_look_at,1686822098
67,11,Sandbox,start_look_at,1686822098
67,11,Sandbox,stop_look_at,1686822098
67,2,Sandbox,start_look_at,1686822098
67,11,Sandbox,measure_radiation,1686822099
67,11,Sandbox,measure_radiation,1686822099
67,11,Sandbox,stop_look_at,1686822099
67,2,Sandbox,stop_look_at,1686822099
67,11,Sandbox,start_look_at,1686822099
67,11,Sandbox,measure_radiation,1686822100
67,11,Sandbox,measure_radiation,1686822100
67,9,Sandbox,start_look_at,1686822101
67,11,Sandbox,start_look_at,1686822102
67,9,Sandbox,stop_look_at,1686822102
67,9,Sandbox,start_look_at,1686822102
67,11,Sandbox,start_look_at,1686822102
67,11,Sandbox,stop_look_at,1686822102
67,9,Sandbox,start_look_at,1686822102
67,11,Sandbox,stop_look_at,1686822102
67,11,Sandbox,start_look_at,1686822102
67,9,Sandbox,stop_look_at,1686822102
67,9,Sandbox,stop_look_at,1686822102
67,11,Sandbox,start_look_at,1686822103
67,9,Sandbox,stop_look_at,1686822103
67,9,Sandbox,start_look_at,1686822103
67,11,Sandbox,stop_look_at,1686822103
67,9,Sandbox,stop_look_at,1686822103
67,9,Sandbox,start_look_at,1686822103
67,11,Sandbox,stop_look_at,1686822103
67,11,Sandbox,start_look_at,1686822103
67,11,Sandbox,stop_look_at,1686822104
67,9,Sandbox,start_look_at,1686822104
67,9,Sandbox,stop_look_at,1686822104
67,11,Sandbox,start_point_to,1686822105
67,12,Sandbox,stop_look_at,1686822106
67,12,Sandbox,start_look_at,1686822106
67,11,Sandbox,measure_radiation,1686822106
67,11,Sandbox,stop_point_to,1686822106
67,11,Sandbox,measure_radiation,1686822106
67,11,Sandbox,measure_radiation,1686822107
67,11,Sandbox,measure_radiation,1686822107
67,9,Sandbox,start_look_at,1686822108
67,11,Sandbox,stop_look_at,1686822108
67,11,Sandbox,start_look_at,1686822108
67,9,Sandbox,start_look_at,1686822108
67,11,Sandbox,stop_look_at,1686822108
67,9,Sandbox,stop_look_at,1686822108
67,9,Sandbox,stop_look_at,1686822108
67,9,Sandbox,start_look_at,1686822108
67,11,Sandbox,stop_point_to,1686822108
67,11,Sandbox,start_point_to,1686822108
67,11,Sandbox,start_look_at,1686822108
67,9,Sandbox,stop_look_at,1686822109
67,11,Sandbox,start_look_at,1686822109
67,11,Sandbox,stop_look_at,1686822109
67,9,Sandbox,start_look_at,1686822109
67,11,Sandbox,start_look_at,1686822110
67,11,Sandbox,stop_look_at,1686822110
67,9,Sandbox,start_look_at,1686822110
67,9,Sandbox,stop_look_at,1686822110
67,11,Sandbox,start_look_at,1686822110
67,11,Sandbox,stop_look_at,1686822110
67,9,Sandbox,stop_look_at,1686822110
67,9,Sandbox,start_look_at,1686822110
67,9,Sandbox,stop_look_at,1686822111
67,9,Sandbox,start_look_at,1686822111
67,11,Sandbox,start_look_at,1686822111
67,11,Sandbox,start_look_at,1686822111
67,9,Sandbox,stop_look_at,1686822111
67,11,Sandbox,stop_look_at,1686822111
67,11,Sandbox,stop_look_at,1686822112
67,2,Sandbox,start_look_at,1686822112
67,2,Sandbox,stop_look_at,1686822112
67,11,Sandbox,drop,1686822121
67,12,Sandbox,drop,1686822121
67,8,Sandbox,start_look_at,1686822137
67,8,Sandbox,start_point_to,1686822137
67,8,Sandbox,interact_with,1686822139
67,8,Sandbox,stop_point_to,1686822142
67,8,Sandbox,stop_look_at,1686822143
67,8,Sandbox,start_look_at,1686822145
67,8,Sandbox,stop_look_at,1686822146
67,8,Sandbox,start_look_at,1686822146
67,8,Sandbox,start_point_to,1686822147
67,8,Sandbox,interact_with,1686822148
67,8,Sandbox,stop_look_at,1686822148
67,8,Sandbox,stop_point_to,1686822149
67,8,Sandbox,stop_point_to,1686822149
67,8,Sandbox,start_point_to,1686822149
67,8,Sandbox,start_look_at,1686822149
67,8,Sandbox,stop_look_at,1686822149
67,8,Sandbox,start_point_to,1686822150
67,8,Sandbox,stop_point_to,1686822150
67,8,Sandbox,start_point_to,1686822150
67,8,Sandbox,start_look_at,1686822150
67,8,Sandbox,stop_point_to,1686822152
67,8,Sandbox,start_point_to,1686822152
67,8,Sandbox,stop_look_at,1686822153
67,8,Sandbox,stop_point_to,1686822153
67,10,Tutorial,start_point_to,1686822202
67,10,Tutorial,stop_point_to,1686822202
67,10,Tutorial,start_point_to,1686822203
67,10,Tutorial,stop_point_to,1686822203
67,10,Tutorial,start_look_at,1686822203
67,10,Tutorial,start_point_to,1686822203
67,10,Tutorial,stop_look_at,1686822203
67,10,Tutorial,start_look_at,1686822203
67,10,Tutorial,stop_point_to,1686822203
67,10,Tutorial,stop_look_at,1686822203
67,14,Tutorial,start_look_at,1686822235
67,14,Tutorial,start_point_to,1686822235
67,14,Tutorial,stop_look_at,1686822237
67,14,Tutorial,start_look_at,1686822238
67,14,Tutorial,stop_point_to,1686822239
67,14,Tutorial,stop_look_at,1686822239
67,10,Tutorial,start_point_to,1686822242
67,10,Tutorial,stop_point_to,1686822242
67,14,Tutorial,start_point_to,1686822245
67,14,Tutorial,stop_point_to,1686822245
67,14,Tutorial,start_point_to,1686822245
67,14,Tutorial,start_look_at,1686822245
67,14,Tutorial,talk_with,1686822245
67,14,Tutorial,stop_point_to,1686822246
67,14,Tutorial,stop_look_at,1686822246
67,14,Tutorial,start_look_at,1686822249
67,14,Tutorial,stop_look_at,1686822249
67,14,Tutorial,start_look_at,1686822250
67,14,Tutorial,stop_look_at,1686822250
67,14,Tutorial,start_look_at,1686822253
67,14,Tutorial,stop_look_at,1686822254
67,14,Tutorial,start_look_at,1686822266
67,14,Tutorial,stop_look_at,1686822267
67,12,Tutorial,start_look_at,1686822276
67,12,Tutorial,stop_look_at,1686822276
67,11,Tutorial,start_look_at,1686822276
67,11,Tutorial,stop_look_at,1686822276
67,12,Tutorial,start_look_at,1686822277
67,12,Tutorial,pick_up,1686822278
67,12,Tutorial,stop_look_at,1686822279
67,11,Tutorial,start_look_at,1686822279
67,10,Tutorial,stop_look_at,1686822280
67,10,Tutorial,stop_point_to,1686822280
67,10,Tutorial,start_look_at,1686822280
67,10,Tutorial,stop_look_at,1686822280
67,10,Tutorial,start_point_to,1686822280
67,11,Tutorial,start_point_to,1686822280
67,10,Tutorial,start_look_at,1686822280
67,12,Tutorial,drop,1686822280
67,11,Tutorial,stop_look_at,1686822280
67,11,Tutorial,stop_point_to,1686822280
67,10,Tutorial,start_look_at,1686822283
67,10,Tutorial,stop_look_at,1686822283
67,10,Tutorial,start_look_at,1686822283
67,10,Tutorial,stop_look_at,1686822283
67,11,Tutorial,start_look_at,1686822283
67,11,Tutorial,start_look_at,1686822284
67,11,Tutorial,stop_look_at,1686822284
67,11,Tutorial,stop_look_at,1686822285
67,12,Tutorial,pick_up,1686822286
67,10,Tutorial,start_look_at,1686822290
67,10,Tutorial,stop_look_at,1686822290
67,8,Tutorial,start_point_to,1686822296
67,8,Tutorial,stop_point_to,1686822296
67,8,Tutorial,start_point_to,1686822296
67,8,Tutorial,start_look_at,1686822296
67,8,Tutorial,stop_point_to,1686822296
67,8,Tutorial,stop_look_at,1686822297
67,8,Tutorial,start_look_at,1686822297
67,8,Tutorial,start_point_to,1686822297
67,8,Tutorial,stop_point_to,1686822298
67,8,Tutorial,start_point_to,1686822298
67,8,Tutorial,stop_point_to,1686822298
67,8,Tutorial,start_point_to,1686822298
67,8,Tutorial,interact_with,1686822300
67,8,Tutorial,interact_with,1686822305
67,8,Tutorial,interact_with,1686822305
67,8,Tutorial,stop_point_to,1686822306
67,8,Tutorial,stop_look_at,1686822306
67,13,Tutorial,start_look_at,1686822320
67,13,Tutorial,start_point_to,1686822320
67,13,Tutorial,stop_look_at,1686822321
67,13,Tutorial,start_look_at,1686822321
67,13,Tutorial,talk_with,1686822322
67,13,Tutorial,stop_point_to,1686822322
67,13,Tutorial,start_point_to,1686822322
67,13,Tutorial,stop_point_to,1686822322
67,13,Tutorial,stop_look_at,1686822323
67,13,Tutorial,start_point_to,1686822323
67,13,Tutorial,start_look_at,1686822324
67,13,Tutorial,stop_point_to,1686822324
67,13,Tutorial,stop_point_to,1686822324
67,13,Tutorial,start_point_to,1686822324
67,13,Tutorial,stop_look_at,1686822327
67,13,Tutorial,start_look_at,1686822328
67,13,Tutorial,stop_look_at,1686822328
67,13,Tutorial,start_look_at,1686822329
67,13,Tutorial,start_point_to,1686822342
67,13,Tutorial,stop_point_to,1686822342
67,13,Tutorial,start_point_to,1686822342
67,13,Tutorial,stop_point_to,1686822342
67,13,Tutorial,stop_look_at,1686822343
67,13,Tutorial,start_look_at,1686822350
67,13,Tutorial,stop_look_at,1686822350
67,13,Tutorial,stop_point_to,1686822351
67,13,Tutorial,start_look_at,1686822351
67,13,Tutorial,start_point_to,1686822351
67,13,Tutorial,stop_look_at,1686822352
67,13,Tutorial,start_look_at,1686822355
67,13,Tutorial,start_point_to,1686822355
67,13,Tutorial,talk_with,1686822356
67,13,Tutorial,stop_point_to,1686822357
67,13,Tutorial,stop_look_at,1686822367
67,13,Tutorial,start_look_at,1686822369
67,13,Tutorial,stop_look_at,1686822369
67,13,Tutorial,start_look_at,1686822372
67,13,Tutorial,stop_look_at,1686822372
67,13,Tutorial,start_look_at,1686822376
67,13,Tutorial,stop_look_at,1686822377
67,13,Tutorial,start_look_at,1686822381
67,13,Tutorial,start_look_at,1686822381
67,13,Tutorial,stop_look_at,1686822381
67,13,Tutorial,start_point_to,1686822383
67,13,Tutorial,stop_point_to,1686822383
67,13,Tutorial,start_point_to,1686822384
67,13,Tutorial,stop_point_to,1686822385
67,13,Tutorial,stop_look_at,1686822385
67,13,Tutorial,start_look_at,1686822386
67,13,Tutorial,stop_look_at,1686822386
67,13,Tutorial,start_look_at,1686822386
67,13,Tutorial,start_point_to,1686822389
67,13,Tutorial,stop_point_to,1686822389
67,13,Tutorial,stop_look_at,1686822404
67,8,Tutorial,start_look_at,1686822406
67,8,Tutorial,stop_look_at,1686822406
67,8,Tutorial,start_look_at,1686822406
67,8,Tutorial,stop_look_at,1686822407
67,13,Tutorial,start_look_at,1686822408
67,13,Tutorial,stop_look_at,1686822408
67,13,Tutorial,start_look_at,1686822409
67,13,Tutorial,stop_look_at,1686822409
67,10,Tutorial,start_look_at,1686822413
67,10,Tutorial,start_point_to,1686822413
67,10,Tutorial,start_point_to,1686822413
67,10,Tutorial,stop_point_to,1686822414
67,10,Tutorial,stop_point_to,1686822414
67,10,Tutorial,start_point_to,1686822414
67,10,Tutorial,start_point_to,1686822415
67,10,Tutorial,start_point_to,1686822415
67,10,Tutorial,stop_point_to,1686822415
67,10,Tutorial,start_point_to,1686822415
67,10,Tutorial,stop_point_to,1686822415
67,10,Tutorial,stop_point_to,1686822416
67,10,Tutorial,start_point_to,1686822416
67,10,Tutorial,pick_up,1686822416
67,10,Tutorial,stop_look_at,1686822416
67,10,Tutorial,stop_point_to,1686822416
67,10,Tutorial,start_point_to,1686822416
67,10,Tutorial,stop_point_to,1686822416
67,10,Tutorial,start_point_to,1686822417
67,10,Tutorial,stop_point_to,1686822417
67,10,Tutorial,start_point_to,1686822417
67,10,Tutorial,stop_point_to,1686822419
67,10,Tutorial,stop_point_to,1686822420
67,10,Tutorial,start_point_to,1686822420
67,10,Tutorial,start_point_to,1686822420
67,10,Tutorial,stop_point_to,1686822421
67,10,Tutorial,start_point_to,1686822421
67,10,Tutorial,stop_point_to,1686822424
67,10,Tutorial,start_point_to,1686822424
67,10,Tutorial,stop_point_to,1686822429
67,10,Tutorial,place_correct,1686822429
67,10,Tutorial,drop,1686822429
67,10,Tutorial,stop_point_to,1686822429
67,10,Tutorial,start_look_at,1686822429
67,10,Tutorial,start_point_to,1686822429
67,10,Tutorial,start_point_to,1686822429
67,10,Tutorial,stop_point_to,1686822429
67,10,Tutorial,stop_look_at,1686822430
67,10,Tutorial,stop_point_to,1686822430
67,10,Tutorial,start_point_to,1686822430
67,10,Tutorial,stop_point_to,1686822430
67,10,Tutorial,start_point_to,1686822431
67,10,Tutorial,start_look_at,1686822431
67,10,Tutorial,stop_look_at,1686822432
67,10,Tutorial,stop_point_to,1686822432
67,10,Tutorial,start_point_to,1686822444
67,10,Tutorial,stop_point_to,1686822444
67,10,Tutorial,start_point_to,1686822445
67,10,Tutorial,stop_point_to,1686822445
67,10,Tutorial,start_point_to,1686822445
67,10,Tutorial,stop_point_to,1686822445
67,10,Tutorial,stop_point_to,1686822445
67,10,Tutorial,start_point_to,1686822445
67,10,Tutorial,stop_point_to,1686822445
67,10,Tutorial,start_point_to,1686822445
67,10,Tutorial,stop_point_to,1686822445
67,10,Tutorial,start_point_to,1686822445
67,10,Tutorial,start_point_to,1686822445
67,10,Tutorial,start_look_at,1686822446
67,10,Tutorial,start_point_to,1686822446
67,10,Tutorial,stop_point_to,1686822446
67,10,Tutorial,stop_look_at,1686822446
67,10,Tutorial,start_look_at,1686822446
67,10,Tutorial,start_point_to,1686822447
67,10,Tutorial,pick_up,1686822447
67,10,Tutorial,stop_look_at,1686822447
67,10,Tutorial,start_point_to,1686822451
67,10,Tutorial,stop_point_to,1686822451
67,10,Tutorial,stop_point_to,1686822459
67,10,Tutorial,start_point_to,1686822459
67,10,Tutorial,start_look_at,1686822461
67,10,Tutorial,stop_point_to,1686822461
67,10,Tutorial,start_point_to,1686822461
67,10,Tutorial,drop,1686822462
67,10,Tutorial,stop_point_to,1686822462
67,10,Tutorial,stop_look_at,1686822462
67,10,Tutorial,stop_point_to,1686822462
67,10,Tutorial,start_point_to,1686822463
67,10,Tutorial,stop_point_to,1686822463
67,10,Tutorial,stop_point_to,1686822464
67,10,Tutorial,start_point_to,1686822464
67,14,Tutorial,start_look_at,1686822469
67,14,Tutorial,start_point_to,1686822469
67,14,Tutorial,stop_point_to,1686822470
67,14,Tutorial,stop_look_at,1686822470
67,13,Tutorial,start_look_at,1686822472
67,13,Tutorial,start_point_to,1686822472
67,13,Tutorial,stop_point_to,1686822472
67,13,Tutorial,stop_look_at,1686822472
67,8,Tutorial,stop_point_to,1686822475
67,8,Tutorial,start_look_at,1686822475
67,8,Tutorial,start_point_to,1686822475
67,8,Tutorial,stop_look_at,1686822476
67,8,Tutorial,start_look_at,1686822476
67,8,Tutorial,start_point_to,1686822476
67,8,Tutorial,interact_with,1686822478
67,8,Tutorial,stop_point_to,1686822479
67,8,Tutorial,start_point_to,1686822479
67,8,Tutorial,stop_point_to,1686822479
67,8,Tutorial,start_point_to,1686822479
67,8,Tutorial,interact_with,1686822479
67,8,Tutorial,interact_with,1686822481
67,8,Tutorial,start_point_to,1686822481
67,8,Tutorial,interact_with,1686822481
67,8,Tutorial,stop_point_to,1686822481
67,8,Tutorial,stop_point_to,1686822482
67,8,Tutorial,stop_look_at,1686822482
67,8,Tutorial,stop_point_to,1686822482
67,8,Tutorial,start_point_to,1686822482
67,8,Tutorial,start_point_to,1686822482
67,8,Tutorial,stop_point_to,1686822482
67,8,Tutorial,start_point_to,1686822482
67,8,Tutorial,stop_point_to,1686822482
67,13,Tutorial,start_point_to,1686822483
67,13,Tutorial,start_look_at,1686822483
67,13,Tutorial,start_point_to,1686822483
67,13,Tutorial,stop_point_to,1686822483
67,13,Tutorial,stop_point_to,1686822483
67,13,Tutorial,stop_look_at,1686822483
67,11,Tutorial,start_look_at,1686822487
67,11,Tutorial,start_point_to,1686822487
67,11,Tutorial,start_look_at,1686822488
67,11,Tutorial,measure_radiation,1686822488
67,11,Tutorial,stop_look_at,1686822488
67,11,Tutorial,stop_look_at,1686822488
67,11,Tutorial,stop_look_at,1686822488
67,11,Tutorial,pick_up,1686822488
67,11,Tutorial,start_look_at,1686822488
67,11,Tutorial,stop_point_to,1686822488
67,11,Tutorial,measure_radiation,1686822489
67,7,Tutorial,start_point_to,1686822492
67,7,Tutorial,start_point_to,1686822492
67,11,Tutorial,measure_radiation,1686822492
67,7,Tutorial,stop_look_at,1686822492
67,7,Tutorial,start_look_at,1686822492
67,7,Tutorial,start_look_at,1686822492
67,11,Tutorial,measure_radiation,1686822493
67,11,Tutorial,measure_radiation,1686822493
67,11,Tutorial,measure_radiation,1686822493
67,11,Tutorial,measure_radiation,1686822493
67,7,Tutorial,start_point_to,1686822494
67,11,Tutorial,measure_radiation,1686822494
67,7,Tutorial,stop_point_to,1686822494
67,11,Tutorial,measure_radiation,1686822494
67,7,Tutorial,stop_point_to,1686822494
67,7,Tutorial,stop_point_to,1686822494
67,7,Tutorial,stop_look_at,1686822494
67,11,Tutorial,measure_radiation,1686822494
67,7,Tutorial,start_point_to,1686822495
67,7,Tutorial,start_look_at,1686822495
67,11,Tutorial,measure_radiation,1686822495
67,11,Tutorial,measure_radiation,1686822495
67,11,Tutorial,measure_radiation,1686822495
67,7,Tutorial,start_point_to,1686822495
67,11,Tutorial,measure_radiation,1686822499
67,7,Tutorial,stop_point_to,1686822500
67,7,Tutorial,stop_look_at,1686822500
67,7,Tutorial,stop_point_to,1686822500
67,11,Tutorial,measure_radiation,1686822500
67,11,Tutorial,measure_radiation,1686822501
67,7,Tutorial,start_point_to,1686822501
67,7,Tutorial,start_look_at,1686822501
67,7,Tutorial,start_point_to,1686822501
67,11,Tutorial,measure_radiation,1686822503
67,11,Tutorial,measure_radiation,1686822504
67,7,Tutorial,stop_point_to,1686822504
67,7,Tutorial,stop_look_at,1686822504
67,7,Tutorial,stop_point_to,1686822505
67,7,Tutorial,start_look_at,1686822505
67,7,Tutorial,stop_point_to,1686822506
67,7,Tutorial,stop_look_at,1686822506
67,7,Tutorial,stop_point_to,1686822506
67,7,Tutorial,start_point_to,1686822506
67,7,Tutorial,start_look_at,1686822506
67,7,Tutorial,stop_look_at,1686822506
67,7,Tutorial,start_point_to,1686822506
67,7,Tutorial,start_point_to,1686822507
67,7,Tutorial,start_point_to,1686822507
67,7,Tutorial,start_look_at,1686822507
67,7,Tutorial,stop_point_to,1686822510
67,7,Tutorial,stop_point_to,1686822510
67,11,Tutorial,measure_radiation,1686822510
67,7,Tutorial,start_point_to,1686822510
67,7,Tutorial,stop_look_at,1686822510
67,7,Tutorial,stop_point_to,1686822511
67,11,Tutorial,measure_radiation,1686822511
67,7,Tutorial,start_point_to,1686822511
67,7,Tutorial,stop_point_to,1686822511
67,11,Tutorial,measure_radiation,1686822511
67,7,Tutorial,start_look_at,1686822513
67,7,Tutorial,start_point_to,1686822513
67,7,Tutorial,start_point_to,1686822514
67,7,Tutorial,stop_point_to,1686822514
67,7,Tutorial,stop_point_to,1686822515
67,7,Tutorial,start_point_to,1686822515
67,7,Tutorial,stop_look_at,1686822515
67,7,Tutorial,start_look_at,1686822515
67,7,Tutorial,stop_point_to,1686822516
67,7,Tutorial,stop_look_at,1686822516
67,7,Tutorial,start_point_to,1686822516
67,7,Tutorial,stop_point_to,1686822516
67,7,Tutorial,stop_look_at,1686822516
67,7,Tutorial,start_look_at,1686822516
67,11,Tutorial,measure_radiation,1686822517
67,7,Tutorial,start_look_at,1686822517
67,7,Tutorial,start_point_to,1686822517
67,7,Tutorial,start_point_to,1686822517
67,7,Tutorial,stop_point_to,1686822517
67,7,Tutorial,start_point_to,1686822518
67,7,Tutorial,stop_point_to,1686822520
67,7,Tutorial,start_point_to,1686822520
67,7,Tutorial,start_point_to,1686822521
67,7,Tutorial,stop_point_to,1686822521
67,7,Tutorial,stop_point_to,1686822523
67,7,Tutorial,stop_point_to,1686822524
67,7,Tutorial,start_point_to,1686822524
67,7,Tutorial,stop_point_to,1686822525
67,7,Tutorial,start_point_to,1686822525
67,7,Tutorial,start_point_to,1686822525
67,7,Tutorial,stop_look_at,1686822526
67,7,Tutorial,stop_point_to,1686822526
67,7,Tutorial,stop_point_to,1686822526
67,7,Tutorial,start_point_to,1686822526
67,7,Tutorial,start_look_at,1686822526
67,7,Tutorial,start_point_to,1686822526
67,7,Tutorial,stop_point_to,1686822527
67,7,Tutorial,start_point_to,1686822527
67,7,Tutorial,stop_point_to,1686822528
67,11,Tutorial,measure_radiation,1686822528
67,7,Tutorial,stop_point_to,1686822528
67,7,Tutorial,stop_look_at,1686822528
67,11,Tutorial,measure_radiation,1686822529
67,7,Tutorial,start_point_to,1686822529
67,7,Tutorial,start_point_to,1686822529
67,11,Tutorial,measure_radiation,1686822529
67,7,Tutorial,start_look_at,1686822529
67,11,Tutorial,measure_radiation,1686822530
67,11,Tutorial,measure_radiation,1686822530
67,11,Tutorial,measure_radiation,1686822530
67,11,Tutorial,measure_radiation,1686822530
67,11,Tutorial,measure_radiation,1686822530
67,11,Tutorial,measure_radiation,1686822530
67,11,Tutorial,measure_radiation,1686822531
67,11,Tutorial,measure_radiation,1686822531
67,11,Tutorial,measure_radiation,1686822532
67,11,Tutorial,measure_radiation,1686822532
67,7,Tutorial,stop_point_to,1686822533
67,11,Tutorial,measure_radiation,1686822533
67,11,Tutorial,measure_radiation,1686822533
67,11,Tutorial,measure_radiation,1686822533
67,11,Tutorial,measure_radiation,1686822533
67,11,Tutorial,measure_radiation,1686822534
67,7,Tutorial,stop_look_at,1686822534
67,7,Tutorial,stop_point_to,1686822534
67,12,Tutorial,start_look_at,1686822534
67,12,Tutorial,stop_look_at,1686822535
67,7,Tutorial,start_point_to,1686822535
67,7,Tutorial,start_point_to,1686822535
67,7,Tutorial,stop_point_to,1686822536
67,7,Tutorial,start_point_to,1686822538
67,11,Tutorial,measure_radiation,1686822538
67,7,Tutorial,stop_point_to,1686822538
67,7,Tutorial,start_point_to,1686822539
67,7,Tutorial,start_look_at,1686822539
67,11,Tutorial,measure_radiation,1686822539
67,7,Tutorial,stop_point_to,1686822540
67,7,Tutorial,stop_look_at,1686822540
67,11,Tutorial,measure_radiation,1686822541
67,7,Tutorial,start_look_at,1686822541
67,7,Tutorial,start_point_to,1686822541
67,7,Tutorial,stop_point_to,1686822544
67,7,Tutorial,start_point_to,1686822544
67,7,Tutorial,stop_point_to,1686822544
67,11,Tutorial,measure_radiation,1686822544
67,11,Tutorial,measure_radiation,1686822544
67,7,Tutorial,stop_look_at,1686822544
67,7,Tutorial,start_point_to,1686822545
67,7,Tutorial,start_look_at,1686822545
67,11,Tutorial,measure_radiation,1686822545
67,7,Tutorial,stop_point_to,1686822545
67,11,Tutorial,measure_radiation,1686822545
67,11,Tutorial,measure_radiation,1686822546
67,11,Tutorial,measure_radiation,1686822546
67,7,Tutorial,start_point_to,1686822546
67,7,Tutorial,stop_point_to,1686822546
67,7,Tutorial,start_point_to,1686822546
67,7,Tutorial,stop_point_to,1686822546
67,11,Tutorial,measure_radiation,1686822553
67,7,Tutorial,stop_point_to,1686822553
67,11,Tutorial,measure_radiation,1686822553
67,7,Tutorial,stop_look_at,1686822553
67,11,Tutorial,measure_radiation,1686822553
67,11,Tutorial,measure_radiation,1686822553
67,11,Tutorial,measure_radiation,1686822553
67,11,Tutorial,measure_radiation,1686822553
67,11,Tutorial,measure_radiation,1686822553
67,11,Tutorial,measure_radiation,1686822553
67,11,Tutorial,measure_radiation,1686822553
67,11,Tutorial,measure_radiation,1686822553
67,11,Tutorial,measure_radiation,1686822554
67,7,Tutorial,start_look_at,1686822554
67,11,Tutorial,measure_radiation,1686822554
67,7,Tutorial,start_point_to,1686822554
67,7,Tutorial,start_point_to,1686822554
67,7,Tutorial,stop_point_to,1686822555
67,7,Tutorial,start_point_to,1686822555
67,7,Tutorial,start_point_to,1686822555
67,11,Tutorial,stop_point_to,1686822555
67,11,Tutorial,start_point_to,1686822555
67,7,Tutorial,stop_point_to,1686822555
67,7,Tutorial,stop_look_at,1686822559
67,7,Tutorial,start_look_at,1686822559
67,7,Tutorial,stop_point_to,1686822560
67,7,Tutorial,stop_look_at,1686822560
67,7,Tutorial,start_point_to,1686822560
67,7,Tutorial,stop_point_to,1686822561
67,7,Tutorial,stop_point_to,1686822561
67,7,Tutorial,stop_point_to,1686822564
67,12,Tutorial,start_look_at,1686822564
67,7,Tutorial,stop_look_at,1686822564
67,7,Tutorial,start_look_at,1686822564
67,7,Tutorial,start_point_to,1686822564
67,7,Tutorial,start_point_to,1686822564
67,12,Tutorial,stop_look_at,1686822565
67,12,Tutorial,start_look_at,1686822566
67,12,Tutorial,stop_look_at,1686822566
67,12,Tutorial,start_look_at,1686822566
67,12,Tutorial,stop_look_at,1686822567
67,12,Tutorial,start_look_at,1686822568
67,7,Tutorial,stop_point_to,1686822569
67,12,Tutorial,stop_look_at,1686822569
67,7,Tutorial,start_look_at,1686822569
67,7,Tutorial,start_point_to,1686822569
67,11,Tutorial,measure_radiation,1686822569
67,7,Tutorial,start_point_to,1686822570
67,7,Tutorial,stop_point_to,1686822572
67,7,Tutorial,stop_look_at,1686822572
67,11,Tutorial,measure_radiation,1686822572
67,7,Tutorial,stop_point_to,1686822572
67,14,CarAccident,start_point_to,1686822606
67,14,CarAccident,start_look_at,1686822607
67,14,CarAccident,stop_point_to,1686822607
67,14,CarAccident,start_point_to,1686822607
67,14,CarAccident,start_point_to,1686822607
67,14,CarAccident,talk_with,1686822608
67,14,CarAccident,stop_point_to,1686822609
67,14,CarAccident,start_point_to,1686822609
67,14,CarAccident,stop_point_to,1686822609
67,14,CarAccident,stop_point_to,1686822609
67,14,CarAccident,start_point_to,1686822610
67,14,CarAccident,stop_point_to,1686822610
67,14,CarAccident,start_point_to,1686822611
67,14,CarAccident,stop_point_to,1686822611
67,14,CarAccident,stop_look_at,1686822611
67,14,CarAccident,start_look_at,1686822611
67,14,CarAccident,stop_look_at,1686822613
67,14,CarAccident,start_point_to,1686822613
67,14,CarAccident,stop_point_to,1686822613
67,14,CarAccident,start_look_at,1686822617
67,14,CarAccident,stop_look_at,1686822617
67,14,CarAccident,start_look_at,1686822624
67,14,CarAccident,stop_point_to,1686822625
67,14,CarAccident,stop_look_at,1686822625
67,14,CarAccident,start_point_to,1686822625
67,14,CarAccident,stop_point_to,1686822625
67,14,CarAccident,start_point_to,1686822625
67,14,CarAccident,stop_point_to,1686822627
67,14,CarAccident,start_point_to,1686822627
67,14,CarAccident,start_look_at,1686822627
67,14,CarAccident,stop_point_to,1686822628
67,14,CarAccident,stop_look_at,1686822628
67,14,CarAccident,start_point_to,1686822628
67,10,CarAccident,start_point_to,1686822634
67,10,CarAccident,start_look_at,1686822634
67,10,CarAccident,stop_look_at,1686822634
67,10,CarAccident,start_look_at,1686822634
67,10,CarAccident,stop_point_to,1686822634
67,10,CarAccident,stop_look_at,1686822634
67,10,CarAccident,start_point_to,1686822634
67,10,CarAccident,stop_point_to,1686822635
67,12,CarAccident,start_look_at,1686822635
67,12,CarAccident,stop_look_at,1686822635
67,12,CarAccident,start_look_at,1686822636
67,12,CarAccident,stop_look_at,1686822637
67,12,CarAccident,pick_up,1686822637
67,12,CarAccident,stop_look_at,1686822637
67,12,CarAccident,start_look_at,1686822637
67,10,CarAccident,stop_look_at,1686822638
67,10,CarAccident,start_look_at,1686822638
67,10,CarAccident,start_look_at,1686822638
67,10,CarAccident,stop_look_at,1686822638
67,10,CarAccident,start_look_at,1686822644
67,10,CarAccident,start_point_to,1686822645
67,10,CarAccident,stop_look_at,1686822645
67,10,CarAccident,stop_point_to,1686822645
67,10,CarAccident,start_look_at,1686822645
67,10,CarAccident,stop_point_to,1686822645
67,10,CarAccident,start_point_to,1686822645
67,10,CarAccident,start_point_to,1686822645
67,10,CarAccident,stop_point_to,1686822645
67,10,CarAccident,start_point_to,1686822645
67,10,CarAccident,stop_point_to,1686822645
67,10,CarAccident,start_point_to,1686822645
67,10,CarAccident,stop_look_at,1686822645
67,10,CarAccident,start_look_at,1686822646
67,10,CarAccident,start_point_to,1686822646
67,10,CarAccident,stop_point_to,1686822646
67,10,CarAccident,stop_point_to,1686822647
67,10,CarAccident,stop_look_at,1686822647
67,10,CarAccident,start_point_to,1686822647
67,10,CarAccident,start_point_to,1686822648
67,10,CarAccident,stop_point_to,1686822648
67,10,CarAccident,start_look_at,1686822648
67,10,CarAccident,start_look_at,1686822648
67,10,CarAccident,stop_look_at,1686822648
67,10,CarAccident,pick_up,1686822649
67,10,CarAccident,start_point_to,1686822649
67,10,CarAccident,stop_look_at,1686822649
67,10,CarAccident,stop_point_to,1686822649
67,10,CarAccident,start_point_to,1686822649
67,10,CarAccident,start_point_to,1686822650
67,10,CarAccident,stop_point_to,1686822650
67,10,CarAccident,start_point_to,1686822653
67,10,CarAccident,stop_point_to,1686822653
67,10,CarAccident,drop,1686822658
67,10,CarAccident,stop_point_to,1686822658
67,10,CarAccident,stop_point_to,1686822658
67,10,CarAccident,start_point_to,1686822665
67,10,CarAccident,stop_point_to,1686822666
67,10,CarAccident,start_look_at,1686822669
67,10,CarAccident,start_point_to,1686822669
67,10,CarAccident,stop_look_at,1686822669
67,10,CarAccident,stop_point_to,1686822669
67,10,CarAccident,start_point_to,1686822670
67,10,CarAccident,stop_point_to,1686822671
67,10,CarAccident,start_look_at,1686822672
67,10,CarAccident,start_point_to,1686822672
67,10,CarAccident,stop_point_to,1686822672
67,10,CarAccident,start_point_to,1686822672
67,10,CarAccident,stop_point_to,1686822673
67,10,CarAccident,start_point_to,1686822673
67,10,CarAccident,stop_point_to,1686822673
67,10,CarAccident,start_point_to,1686822674
67,10,CarAccident,start_point_to,1686822674
67,10,CarAccident,pick_up,1686822674
67,10,CarAccident,stop_point_to,1686822674
67,10,CarAccident,start_point_to,1686822674
67,10,CarAccident,stop_look_at,1686822674
67,10,CarAccident,start_point_to,1686822675
67,10,CarAccident,stop_point_to,1686822675
67,10,CarAccident,stop_point_to,1686822675
67,10,CarAccident,start_point_to,1686822675
67,10,CarAccident,start_point_to,1686822676
67,10,CarAccident,stop_point_to,1686822676
67,10,CarAccident,stop_point_to,1686822676
67,10,CarAccident,start_point_to,1686822676
67,10,CarAccident,start_point_to,1686822677
67,10,CarAccident,stop_point_to,1686822677
67,10,CarAccident,stop_point_to,1686822677
67,10,CarAccident,stop_point_to,1686822677
67,10,CarAccident,place_correct,1686822677
67,10,CarAccident,start_point_to,1686822677
67,10,CarAccident,drop,1686822677
67,10,CarAccident,stop_point_to,1686822678
67,10,CarAccident,start_point_to,1686822683
67,10,CarAccident,stop_point_to,1686822683
67,13,CarAccident,start_look_at,1686822685
67,13,CarAccident,start_look_at,1686822686
67,7,CarAccident,stop_point_to,1686822686
67,7,CarAccident,stop_look_at,1686822686
67,13,CarAccident,start_point_to,1686822686
67,13,CarAccident,start_point_to,1686822686
67,7,CarAccident,start_look_at,1686822686
67,13,CarAccident,start_point_to,1686822686
67,7,CarAccident,start_point_to,1686822686
67,13,CarAccident,stop_point_to,1686822686
67,13,CarAccident,stop_point_to,1686822686
67,13,CarAccident,start_point_to,1686822686
67,13,CarAccident,stop_look_at,1686822686
67,13,CarAccident,stop_point_to,1686822687
67,13,CarAccident,stop_look_at,1686822687
67,13,CarAccident,stop_point_to,1686822687
67,13,CarAccident,start_point_to,1686822687
67,13,CarAccident,start_look_at,1686822688
67,13,CarAccident,start_point_to,1686822688
67,13,CarAccident,stop_point_to,1686822688
67,13,CarAccident,talk_with,1686822689
67,13,CarAccident,stop_point_to,1686822690
67,7,CarAccident,start_point_to,1686822690
67,7,CarAccident,stop_point_to,1686822690
67,13,CarAccident,start_point_to,1686822690
67,13,CarAccident,stop_point_to,1686822690
67,13,CarAccident,stop_look_at,1686822690
67,13,CarAccident,start_point_to,1686822691
67,13,CarAccident,stop_point_to,1686822691
67,12,CarAccident,stop_look_at,1686822691
67,12,CarAccident,start_look_at,1686822691
67,7,CarAccident,stop_point_to,1686822691
67,12,CarAccident,start_look_at,1686822691
67,13,CarAccident,start_point_to,1686822691
67,7,CarAccident,start_point_to,1686822691
67,13,CarAccident,stop_point_to,1686822691
67,13,CarAccident,start_point_to,1686822691
67,13,CarAccident,stop_point_to,1686822691
67,12,CarAccident,stop_look_at,1686822692
67,13,CarAccident,start_look_at,1686822692
67,13,CarAccident,stop_look_at,1686822693
67,13,CarAccident,start_look_at,1686822693
67,13,CarAccident,stop_look_at,1686822693
67,13,CarAccident,stop_point_to,1686822694
67,13,CarAccident,start_point_to,1686822694
67,13,CarAccident,stop_point_to,1686822694
67,7,CarAccident,stop_point_to,1686822694
67,13,CarAccident,start_point_to,1686822694
67,13,CarAccident,stop_point_to,1686822694
67,13,CarAccident,start_look_at,1686822694
67,13,CarAccident,start_point_to,1686822694
67,7,CarAccident,start_point_to,1686822694
67,13,CarAccident,stop_look_at,1686822696
67,7,CarAccident,start_look_at,1686822696
67,13,CarAccident,start_look_at,1686822697
67,7,CarAccident,stop_look_at,1686822697
67,7,CarAccident,start_look_at,1686822697
67,7,CarAccident,stop_look_at,1686822697
67,13,CarAccident,stop_look_at,1686822697
67,13,CarAccident,start_look_at,1686822697
67,7,CarAccident,stop_look_at,1686822697
67,7,CarAccident,start_look_at,1686822697
67,13,CarAccident,stop_look_at,1686822698
67,7,CarAccident,start_look_at,1686822698
67,13,CarAccident,start_look_at,1686822698
67,7,CarAccident,stop_look_at,1686822698
67,7,CarAccident,start_look_at,1686822698
67,13,CarAccident,stop_look_at,1686822698
67,7,CarAccident,stop_look_at,1686822698
67,13,CarAccident,start_point_to,1686822699
67,13,CarAccident,stop_point_to,1686822699
67,13,CarAccident,start_point_to,1686822699
67,13,CarAccident,stop_point_to,1686822699
67,13,CarAccident,stop_point_to,1686822700
67,7,CarAccident,start_look_at,1686822700
67,13,CarAccident,start_point_to,1686822700
67,7,CarAccident,stop_look_at,1686822700
67,7,CarAccident,stop_look_at,1686822700
67,13,CarAccident,stop_look_at,1686822700
67,13,CarAccident,start_look_at,1686822700
67,7,CarAccident,start_look_at,1686822700
67,7,CarAccident,start_look_at,1686822700
67,13,CarAccident,stop_point_to,1686822701
67,13,CarAccident,start_point_to,1686822701
67,13,CarAccident,start_look_at,1686822701
67,7,CarAccident,stop_look_at,1686822701
67,13,CarAccident,start_point_to,1686822702
67,13,CarAccident,stop_point_to,1686822703
67,13,CarAccident,start_point_to,1686822704
67,13,CarAccident,stop_point_to,1686822704
67,13,CarAccident,start_point_to,1686822704
67,13,CarAccident,stop_point_to,1686822704
67,13,CarAccident,start_point_to,1686822705
67,13,CarAccident,stop_point_to,1686822705
67,13,CarAccident,start_point_to,1686822705
67,13,CarAccident,start_point_to,1686822705
67,13,CarAccident,stop_point_to,1686822705
67,7,CarAccident,stop_point_to,1686822707
67,7,CarAccident,start_point_to,1686822707
67,13,CarAccident,stop_point_to,1686822707
67,13,CarAccident,start_look_at,1686822707
67,13,CarAccident,start_point_to,1686822707
67,13,CarAccident,stop_point_to,1686822707
67,7,CarAccident,start_look_at,1686822707
67,13,CarAccident,stop_look_at,1686822707
67,7,CarAccident,stop_look_at,1686822707
67,13,CarAccident,stop_look_at,1686822708
67,13,CarAccident,start_point_to,1686822709
67,7,CarAccident,start_point_to,1686822709
67,13,CarAccident,start_look_at,1686822709
67,7,CarAccident,stop_look_at,1686822709
67,7,CarAccident,stop_point_to,1686822709
67,7,CarAccident,start_look_at,1686822709
67,7,CarAccident,start_point_to,1686822709
67,13,CarAccident,stop_point_to,1686822709
67,13,CarAccident,start_point_to,1686822709
67,7,CarAccident,stop_point_to,1686822709
67,13,CarAccident,start_point_to,1686822710
67,13,CarAccident,stop_point_to,1686822710
67,7,CarAccident,stop_look_at,1686822710
67,13,CarAccident,stop_look_at,1686822710
67,7,CarAccident,start_look_at,1686822710
67,13,CarAccident,stop_point_to,1686822711
67,12,CarAccident,start_look_at,1686822711
67,12,CarAccident,stop_look_at,1686822711
67,12,CarAccident,start_look_at,1686822711
67,12,CarAccident,stop_look_at,1686822711
67,12,CarAccident,stop_look_at,1686822712
67,12,CarAccident,start_look_at,1686822712
67,13,CarAccident,stop_point_to,1686822715
67,13,CarAccident,start_point_to,1686822715
67,13,CarAccident,start_point_to,1686822715
67,13,CarAccident,start_look_at,1686822715
67,13,CarAccident,stop_look_at,1686822716
67,13,CarAccident,start_look_at,1686822716
67,13,CarAccident,stop_look_at,1686822717
67,13,CarAccident,start_look_at,1686822717
67,13,CarAccident,stop_point_to,1686822718
67,13,CarAccident,stop_look_at,1686822718
67,13,CarAccident,start_point_to,1686822719
67,13,CarAccident,stop_point_to,1686822719
67,13,CarAccident,start_look_at,1686822719
67,13,CarAccident,start_point_to,1686822719
67,13,CarAccident,stop_look_at,1686822719
67,13,CarAccident,stop_point_to,1686822719
67,13,CarAccident,start_look_at,1686822720
67,13,CarAccident,start_point_to,1686822720
67,13,CarAccident,stop_look_at,1686822721
67,13,CarAccident,start_look_at,1686822722
67,13,CarAccident,talk_with,1686822723
67,13,CarAccident,stop_point_to,1686822724
67,13,CarAccident,start_point_to,1686822725
67,13,CarAccident,stop_point_to,1686822725
67,13,CarAccident,start_point_to,1686822726
67,13,CarAccident,stop_point_to,1686822726
67,13,CarAccident,start_point_to,1686822727
67,13,CarAccident,stop_point_to,1686822727
67,13,CarAccident,stop_look_at,1686822728
67,13,CarAccident,start_look_at,1686822728
67,13,CarAccident,start_point_to,1686822729
67,13,CarAccident,stop_point_to,1686822729
67,13,CarAccident,start_point_to,1686822730
67,13,CarAccident,start_look_at,1686822731
67,12,CarAccident,stop_look_at,1686822731
67,13,CarAccident,stop_point_to,1686822731
67,13,CarAccident,stop_look_at,1686822731
67,12,CarAccident,start_look_at,1686822731
67,13,CarAccident,start_point_to,1686822733
67,13,CarAccident,stop_look_at,1686822733
67,13,CarAccident,stop_point_to,1686822734
67,13,CarAccident,start_point_to,1686822734
67,13,CarAccident,stop_point_to,1686822734
67,13,CarAccident,start_point_to,1686822735
67,13,CarAccident,start_look_at,1686822735
67,13,CarAccident,stop_point_to,1686822736
67,13,CarAccident,start_point_to,1686822737
67,13,CarAccident,stop_point_to,1686822738
67,13,CarAccident,stop_point_to,1686822740
67,13,CarAccident,start_point_to,1686822740
67,13,CarAccident,start_point_to,1686822740
67,13,CarAccident,stop_point_to,1686822741
67,13,CarAccident,start_point_to,1686822741
67,13,CarAccident,stop_point_to,1686822741
67,13,CarAccident,start_point_to,1686822741
67,13,CarAccident,stop_look_at,1686822741
67,13,CarAccident,stop_point_to,1686822742
67,13,CarAccident,start_point_to,1686822742
67,13,CarAccident,start_look_at,1686822742
67,13,CarAccident,stop_point_to,1686822742
67,13,CarAccident,stop_look_at,1686822743
67,13,CarAccident,start_look_at,1686822747
67,13,CarAccident,stop_look_at,1686822748
67,13,CarAccident,stop_point_to,1686822750
67,13,CarAccident,start_point_to,1686822750
67,13,CarAccident,start_look_at,1686822750
67,13,CarAccident,start_point_to,1686822751
67,13,CarAccident,stop_point_to,1686822751
67,13,CarAccident,start_point_to,1686822751
67,13,CarAccident,stop_point_to,1686822753
67,13,CarAccident,start_point_to,1686822753
67,13,CarAccident,stop_point_to,1686822753
67,13,CarAccident,start_point_to,1686822753
67,13,CarAccident,stop_point_to,1686822754
67,13,CarAccident,start_point_to,1686822754
67,13,CarAccident,stop_point_to,1686822754
67,13,CarAccident,start_point_to,1686822754
67,13,CarAccident,stop_point_to,1686822754
67,13,CarAccident,stop_look_at,1686822755
67,13,CarAccident,stop_point_to,1686822755
67,13,CarAccident,start_point_to,1686822755
67,13,CarAccident,start_point_to,1686822759
67,13,CarAccident,start_look_at,1686822759
67,13,CarAccident,stop_point_to,1686822760
67,13,CarAccident,start_point_to,1686822761
67,13,CarAccident,start_point_to,1686822762
67,13,CarAccident,stop_point_to,1686822762
67,13,CarAccident,start_point_to,1686822763
67,13,CarAccident,stop_point_to,1686822763
67,13,CarAccident,start_point_to,1686822763
67,13,CarAccident,stop_point_to,1686822763
67,13,CarAccident,stop_point_to,1686822765
67,13,CarAccident,start_point_to,1686822765
67,13,CarAccident,stop_look_at,1686822768
67,13,CarAccident,stop_point_to,1686822769
67,8,CarAccident,interact_with,1686822774
67,8,CarAccident,start_look_at,1686822774
67,8,CarAccident,start_point_to,1686822774
67,8,CarAccident,stop_point_to,1686822775
67,8,CarAccident,stop_look_at,1686822775
67,8,CarAccident,start_look_at,1686822777
67,8,CarAccident,stop_look_at,1686822777
67,8,CarAccident,start_point_to,1686822777
67,8,CarAccident,stop_point_to,1686822778
67,8,CarAccident,start_point_to,1686822778
67,8,CarAccident,stop_point_to,1686822779
67,8,CarAccident,start_look_at,1686822779
67,8,CarAccident,start_point_to,1686822782
67,8,CarAccident,stop_point_to,1686822782
67,8,CarAccident,stop_look_at,1686822783
67,11,CarAccident,start_look_at,1686822790
67,11,CarAccident,stop_look_at,1686822791
67,11,CarAccident,start_point_to,1686822791
67,11,CarAccident,stop_point_to,1686822791
67,11,CarAccident,start_point_to,1686822791
67,11,CarAccident,stop_point_to,1686822791
67,11,CarAccident,start_look_at,1686822791
67,11,CarAccident,start_point_to,1686822791
67,11,CarAccident,stop_point_to,1686822791
67,11,CarAccident,start_point_to,1686822792
67,11,CarAccident,stop_point_to,1686822792
67,11,CarAccident,stop_point_to,1686822793
67,11,CarAccident,stop_look_at,1686822793
67,11,CarAccident,start_point_to,1686822793
67,11,CarAccident,start_look_at,1686822793
67,11,CarAccident,start_look_at,1686822794
67,11,CarAccident,stop_look_at,1686822794
67,11,CarAccident,pick_up,1686822794
67,11,CarAccident,stop_look_at,1686822794
67,11,CarAccident,start_look_at,1686822794
67,11,CarAccident,stop_look_at,1686822794
67,11,CarAccident,start_look_at,1686822794
67,11,CarAccident,stop_look_at,1686822794
67,11,CarAccident,start_point_to,1686822799
67,11,CarAccident,stop_point_to,1686822799
67,11,CarAccident,start_point_to,1686822801
67,11,CarAccident,stop_point_to,1686822801
67,11,CarAccident,start_look_at,1686822806
67,11,CarAccident,stop_look_at,1686822807
67,11,CarAccident,start_look_at,1686822807
67,11,CarAccident,stop_look_at,1686822807
67,11,CarAccident,drop,1686822807
67,11,CarAccident,start_look_at,1686822807
67,11,CarAccident,stop_look_at,1686822807
67,11,CarAccident,start_look_at,1686822807
67,11,CarAccident,stop_look_at,1686822807
67,10,CarAccident,start_look_at,1686822811
67,10,CarAccident,start_point_to,1686822811
67,10,CarAccident,stop_point_to,1686822811
67,10,CarAccident,start_point_to,1686822811
67,10,CarAccident,stop_point_to,1686822811
67,10,CarAccident,start_point_to,1686822812
67,10,CarAccident,stop_point_to,1686822812
67,10,CarAccident,stop_look_at,1686822812
67,10,CarAccident,stop_look_at,1686822813
67,10,CarAccident,start_point_to,1686822813
67,10,CarAccident,start_look_at,1686822813
67,10,CarAccident,pick_up,1686822814
67,10,CarAccident,start_point_to,1686822814
67,10,CarAccident,stop_point_to,1686822814
67,10,CarAccident,start_look_at,1686822814
67,10,CarAccident,stop_look_at,1686822815
67,10,CarAccident,drop,1686822815
67,10,CarAccident,place_correct,1686822815
67,10,CarAccident,stop_point_to,1686822815
67,10,CarAccident,stop_look_at,1686822815
67,10,CarAccident,start_look_at,1686822815
67,10,CarAccident,stop_look_at,1686822815
67,10,CarAccident,start_look_at,1686822815
67,12,CarAccident,stop_point_to,1686822816
67,12,CarAccident,start_point_to,1686822816
67,10,CarAccident,stop_look_at,1686822816
67,10,CarAccident,start_look_at,1686822816
67,11,CarAccident,stop_look_at,1686822819
67,11,CarAccident,start_look_at,1686822819
67,11,CarAccident,start_point_to,1686822820
67,11,CarAccident,stop_point_to,1686822820
67,11,CarAccident,start_point_to,1686822820
67,11,CarAccident,stop_point_to,1686822820
67,11,CarAccident,start_point_to,1686822822
67,11,CarAccident,start_point_to,1686822823
67,11,CarAccident,stop_look_at,1686822823
67,11,CarAccident,stop_look_at,1686822823
67,11,CarAccident,start_look_at,1686822823
67,11,CarAccident,start_point_to,1686822823
67,11,CarAccident,start_look_at,1686822823
67,11,CarAccident,stop_point_to,1686822823
67,11,CarAccident,stop_look_at,1686822823
67,11,CarAccident,start_look_at,1686822823
67,11,CarAccident,stop_look_at,1686822823
67,11,CarAccident,stop_point_to,1686822823
67,11,CarAccident,start_look_at,1686822823
67,11,CarAccident,start_point_to,1686822823
67,11,CarAccident,start_look_at,1686822823
67,11,CarAccident,stop_point_to,1686822823
67,11,CarAccident,start_point_to,1686822823
67,11,CarAccident,stop_point_to,1686822823
67,11,CarAccident,stop_look_at,1686822824
67,11,CarAccident,start_look_at,1686822824
67,11,CarAccident,start_look_at,1686822824
67,11,CarAccident,pick_up,1686822824
67,11,CarAccident,stop_look_at,1686822824
67,11,CarAccident,stop_point_to,1686822824
67,11,CarAccident,start_point_to,1686822824
67,11,CarAccident,stop_point_to,1686822824
67,11,CarAccident,stop_look_at,1686822824
67,11,CarAccident,stop_look_at,1686822825
67,11,CarAccident,stop_look_at,1686822825
67,11,CarAccident,start_look_at,1686822825
67,11,CarAccident,stop_look_at,1686822825
67,11,CarAccident,start_look_at,1686822825
67,11,CarAccident,start_look_at,1686822825
67,7,CarAccident,start_look_at,1686822827
67,7,CarAccident,start_point_to,1686822827
67,7,CarAccident,start_point_to,1686822827
67,7,CarAccident,stop_look_at,1686822827
67,7,CarAccident,start_look_at,1686822828
67,7,CarAccident,stop_point_to,1686822829
67,7,CarAccident,start_look_at,1686822830
67,7,CarAccident,start_point_to,1686822830
67,7,CarAccident,stop_look_at,1686822830
67,7,CarAccident,stop_point_to,1686822830
67,7,CarAccident,start_point_to,1686822831
67,7,CarAccident,stop_look_at,1686822831
67,11,CarAccident,start_look_at,1686822831
67,11,CarAccident,stop_look_at,1686822832
67,7,CarAccident,start_look_at,1686822832
67,7,CarAccident,stop_point_to,1686822833
67,7,CarAccident,start_point_to,1686822834
67,7,CarAccident,stop_point_to,1686822838
67,7,CarAccident,stop_look_at,1686822838
67,7,CarAccident,stop_point_to,1686822838
67,7,CarAccident,start_look_at,1686822839
67,7,CarAccident,stop_look_at,1686822839
67,7,CarAccident,start_point_to,1686822840
67,7,CarAccident,start_look_at,1686822840
67,7,CarAccident,stop_point_to,1686822840
67,7,CarAccident,stop_look_at,1686822840
67,7,CarAccident,start_point_to,1686822840
67,7,CarAccident,start_look_at,1686822840
67,7,CarAccident,stop_point_to,1686822840
67,7,CarAccident,start_point_to,1686822841
67,7,CarAccident,start_point_to,1686822841
67,7,CarAccident,stop_point_to,1686822841
67,7,CarAccident,stop_point_to,1686822841
67,7,CarAccident,stop_look_at,1686822841
67,7,CarAccident,start_point_to,1686822841
67,7,CarAccident,start_look_at,1686822842
67,7,CarAccident,start_point_to,1686822843
67,7,CarAccident,start_look_at,1686822844
67,7,CarAccident,stop_look_at,1686822844
67,11,CarAccident,start_look_at,1686822844
67,11,CarAccident,stop_look_at,1686822844
67,11,CarAccident,stop_look_at,1686822845
67,7,CarAccident,start_look_at,1686822845
67,7,CarAccident,stop_look_at,1686822845
67,11,CarAccident,start_look_at,1686822845
67,11,CarAccident,drop,1686822848
67,7,CarAccident,stop_look_at,1686822849
67,9,CarAccident,start_look_at,1686822849
67,7,CarAccident,stop_point_to,1686822849
67,7,CarAccident,stop_point_to,1686822849
67,7,CarAccident,start_point_to,1686822849
67,7,CarAccident,interact_with,1686822849
67,9,CarAccident,stop_look_at,1686822850
67,7,CarAccident,start_look_at,1686822850
67,7,CarAccident,start_point_to,1686822850
67,7,CarAccident,stop_look_at,1686822850
67,9,CarAccident,start_look_at,1686822852
67,7,CarAccident,stop_look_at,1686822852
67,7,CarAccident,start_point_to,1686822852
67,7,CarAccident,stop_point_to,1686822852
67,7,CarAccident,start_point_to,1686822852
67,7,CarAccident,start_look_at,1686822852
67,7,CarAccident,stop_point_to,1686822852
67,7,CarAccident,start_point_to,1686822853
67,7,CarAccident,stop_point_to,1686822853
67,7,CarAccident,start_point_to,1686822853
67,9,CarAccident,stop_point_to,1686822853
67,9,CarAccident,start_point_to,1686822853
67,7,CarAccident,stop_point_to,1686822853
67,9,CarAccident,stop_look_at,1686822853
67,9,CarAccident,stop_point_to,1686822853
67,9,CarAccident,start_point_to,1686822853
67,7,CarAccident,start_look_at,1686822853
67,7,CarAccident,stop_point_to,1686822853
67,7,CarAccident,start_point_to,1686822853
67,7,CarAccident,start_look_at,1686822854
67,2,CarAccident,start_point_to,1686822854
67,11,CarAccident,start_point_to,1686822854
67,7,CarAccident,stop_point_to,1686822854
67,7,CarAccident,start_point_to,1686822854
67,7,CarAccident,stop_look_at,1686822854
67,12,CarAccident,stop_look_at,1686822854
67,7,CarAccident,stop_point_to,1686822854
67,12,CarAccident,start_look_at,1686822854
67,7,CarAccident,stop_look_at,1686822854
67,7,CarAccident,stop_point_to,1686822854
67,11,CarAccident,pick_up,1686822855
67,11,CarAccident,stop_point_to,1686822855
67,11,CarAccident,start_point_to,1686822855
67,11,CarAccident,start_point_to,1686822855
67,7,CarAccident,start_point_to,1686822855
67,2,CarAccident,stop_point_to,1686822855
67,11,CarAccident,stop_point_to,1686822855
67,9,CarAccident,stop_point_to,1686822856
67,11,CarAccident,measure_radiation,1686822856
67,11,CarAccident,measure_radiation,1686822856
67,11,CarAccident,measure_radiation,1686822856
67,11,CarAccident,measure_radiation,1686822856
67,11,CarAccident,start_look_at,1686822856
67,11,CarAccident,stop_look_at,1686822856
67,7,CarAccident,start_point_to,1686822856
67,9,CarAccident,start_point_to,1686822856
67,11,CarAccident,start_look_at,1686822856
67,11,CarAccident,start_look_at,1686822856
67,7,CarAccident,stop_look_at,1686822856
67,7,CarAccident,start_look_at,1686822856
67,11,CarAccident,stop_look_at,1686822856
67,11,CarAccident,measure_radiation,1686822856
67,11,CarAccident,measure_radiation,1686822856
67,11,CarAccident,stop_look_at,1686822856
67,11,CarAccident,start_look_at,1686822856
67,7,CarAccident,stop_point_to,1686822856
67,7,CarAccident,stop_point_to,1686822857
67,11,CarAccident,pick_up,1686822857
67,7,CarAccident,stop_point_to,1686822857
67,7,CarAccident,start_point_to,1686822857
67,7,CarAccident,start_point_to,1686822857
67,11,CarAccident,stop_point_to,1686822857
67,11,CarAccident,drop,1686822857
67,7,CarAccident,stop_point_to,1686822858
67,7,CarAccident,start_point_to,1686822858
67,11,CarAccident,start_point_to,1686822858
67,11,CarAccident,stop_point_to,1686822858
67,11,CarAccident,measure_radiation,1686822858
67,11,CarAccident,start_look_at,1686822858
67,11,CarAccident,stop_look_at,1686822858
67,11,CarAccident,stop_point_to,1686822858
67,11,CarAccident,start_look_at,1686822858
67,11,CarAccident,measure_radiation,1686822858
67,11,CarAccident,drop,1686822858
67,7,CarAccident,stop_point_to,1686822858
67,11,CarAccident,measure_radiation,1686822858
67,7,CarAccident,start_point_to,1686822858
67,11,CarAccident,stop_look_at,1686822858
67,11,CarAccident,start_point_to,1686822858
67,7,CarAccident,start_look_at,1686822859
67,11,CarAccident,stop_look_at,1686822859
67,11,CarAccident,start_look_at,1686822859
67,11,CarAccident,stop_look_at,1686822859
67,7,CarAccident,start_point_to,1686822859
67,11,CarAccident,stop_look_at,1686822859
67,11,CarAccident,measure_radiation,1686822859
67,11,CarAccident,pick_up,1686822859
67,11,CarAccident,stop_point_to,1686822859
67,11,CarAccident,start_point_to,1686822859
67,11,CarAccident,start_look_at,1686822859
67,9,CarAccident,start_point_to,1686822860
67,2,CarAccident,start_point_to,1686822860
67,9,CarAccident,stop_point_to,1686822860
67,9,CarAccident,stop_point_to,1686822860
67,9,CarAccident,start_point_to,1686822860
67,9,CarAccident,stop_point_to,1686822860
67,7,CarAccident,stop_point_to,1686822860
67,9,CarAccident,start_point_to,1686822860
67,2,CarAccident,stop_point_to,1686822861
67,7,CarAccident,start_point_to,1686822861
67,11,CarAccident,measure_radiation,1686822861
67,11,CarAccident,measure_radiation,1686822861
67,7,CarAccident,stop_look_at,1686822861
67,7,CarAccident,start_look_at,1686822861
67,9,CarAccident,stop_point_to,1686822862
67,9,CarAccident,start_point_to,1686822862
67,9,CarAccident,stop_point_to,1686822862
67,9,CarAccident,start_point_to,1686822862
67,9,CarAccident,stop_point_to,1686822862
67,9,CarAccident,stop_point_to,1686822862
67,9,CarAccident,start_point_to,1686822862
67,7,CarAccident,stop_point_to,1686822862
67,9,CarAccident,start_point_to,1686822862
67,7,CarAccident,stop_look_at,1686822863
67,9,CarAccident,start_look_at,1686822863
67,9,CarAccident,stop_look_at,1686822863
67,7,CarAccident,start_look_at,1686822863
67,7,CarAccident,stop_look_at,1686822863
67,11,CarAccident,start_look_at,1686822863
67,11,CarAccident,stop_look_at,1686822863
67,7,CarAccident,start_look_at,1686822863
67,9,CarAccident,stop_look_at,1686822864
67,9,CarAccident,start_look_at,1686822864
67,2,CarAccident,start_look_at,1686822864
67,9,CarAccident,stop_look_at,1686822864
67,9,CarAccident,start_look_at,1686822864
67,9,CarAccident,start_look_at,1686822864
67,7,CarAccident,stop_look_at,1686822864
67,9,CarAccident,start_look_at,1686822864
67,7,CarAccident,stop_look_at,1686822864
67,7,CarAccident,start_look_at,1686822864
67,2,CarAccident,stop_look_at,1686822864
67,9,CarAccident,stop_look_at,1686822864
67,9,CarAccident,stop_look_at,1686822865
67,9,CarAccident,start_look_at,1686822865
67,9,CarAccident,stop_look_at,1686822865
67,9,CarAccident,start_look_at,1686822865
67,7,CarAccident,start_point_to,1686822865
67,9,CarAccident,start_look_at,1686822866
67,9,CarAccident,stop_look_at,1686822866
67,7,CarAccident,stop_point_to,1686822866
67,7,CarAccident,stop_point_to,1686822866
67,7,CarAccident,start_point_to,1686822866
67,7,CarAccident,stop_point_to,1686822866
67,7,CarAccident,start_point_to,1686822866
67,9,CarAccident,stop_look_at,1686822867
67,9,CarAccident,start_look_at,1686822867
67,9,CarAccident,stop_look_at,1686822867
67,9,CarAccident,start_look_at,1686822867
67,11,CarAccident,stop_look_at,1686822868
67,7,CarAccident,start_look_at,1686822868
67,9,CarAccident,start_look_at,1686822868
67,11,CarAccident,start_look_at,1686822868
67,9,CarAccident,stop_look_at,1686822868
67,9,CarAccident,start_look_at,1686822868
67,9,CarAccident,stop_look_at,1686822868
67,9,CarAccident,start_look_at,1686822868
67,9,CarAccident,stop_look_at,1686822868
67,9,CarAccident,stop_look_at,1686822868
67,7,CarAccident,stop_look_at,1686822869
67,2,CarAccident,start_look_at,1686822869
67,7,CarAccident,start_point_to,1686822869
67,2,CarAccident,stop_look_at,1686822869
67,11,CarAccident,start_look_at,1686822869
67,11,CarAccident,stop_look_at,1686822869
67,2,CarAccident,start_look_at,1686822869
67,9,CarAccident,start_look_at,1686822870
67,7,CarAccident,start_look_at,1686822870
67,7,CarAccident,stop_look_at,1686822870
67,7,CarAccident,start_point_to,1686822870
67,7,CarAccident,stop_point_to,1686822870
67,2,CarAccident,stop_look_at,1686822870
67,9,CarAccident,stop_look_at,1686822871
67,7,CarAccident,start_look_at,1686822871
67,7,CarAccident,stop_point_to,1686822872
67,2,CarAccident,start_look_at,1686822873
67,7,CarAccident,stop_look_at,1686822873
67,7,CarAccident,start_look_at,1686822873
67,9,CarAccident,stop_look_at,1686822873
67,9,CarAccident,start_look_at,1686822873
67,2,CarAccident,stop_look_at,1686822873
67,7,CarAccident,start_look_at,1686822873
67,2,CarAccident,start_look_at,1686822873
67,7,CarAccident,stop_look_at,1686822873
67,2,CarAccident,stop_look_at,1686822873
67,7,CarAccident,stop_look_at,1686822873
67,7,CarAccident,start_look_at,1686822873
67,7,CarAccident,stop_point_to,1686822874
67,7,CarAccident,start_point_to,1686822874
67,7,CarAccident,stop_look_at,1686822875
67,9,CarAccident,start_look_at,1686822875
67,9,CarAccident,stop_look_at,1686822875
67,7,CarAccident,start_look_at,1686822875
67,7,CarAccident,stop_look_at,1686822875
67,9,CarAccident,start_look_at,1686822875
67,7,CarAccident,start_point_to,1686822875
67,7,CarAccident,stop_point_to,1686822875
67,9,CarAccident,stop_look_at,1686822876
67,7,CarAccident,start_look_at,1686822876
67,9,CarAccident,stop_look_at,1686822877
67,7,CarAccident,start_look_at,1686822877
67,9,CarAccident,start_look_at,1686822877
67,7,CarAccident,stop_point_to,1686822877
67,7,CarAccident,start_point_to,1686822877
67,7,CarAccident,stop_look_at,1686822877
67,7,CarAccident,stop_look_at,1686822878
67,9,CarAccident,start_look_at,1686822878
67,9,CarAccident,stop_look_at,1686822878
67,7,CarAccident,start_look_at,1686822878
67,7,CarAccident,stop_look_at,1686822878
67,2,CarAccident,start_look_at,1686822878
67,7,CarAccident,start_point_to,1686822878
67,2,CarAccident,stop_look_at,1686822878
67,7,CarAccident,start_look_at,1686822878
67,2,CarAccident,start_look_at,1686822879
67,7,CarAccident,stop_look_at,1686822879
67,2,CarAccident,stop_look_at,1686822880
67,7,CarAccident,start_look_at,1686822880
67,11,CarAccident,start_look_at,1686822880
67,2,CarAccident,start_look_at,1686822880
67,7,CarAccident,stop_point_to,1686822880
67,2,CarAccident,stop_look_at,1686822880
67,7,CarAccident,stop_look_at,1686822880
67,11,CarAccident,stop_look_at,1686822881
67,2,CarAccident,start_look_at,1686822881
67,7,CarAccident,start_point_to,1686822881
67,2,CarAccident,stop_look_at,1686822881
67,7,CarAccident,start_look_at,1686822881
67,11,CarAccident,stop_look_at,1686822883
67,11,CarAccident,start_look_at,1686822883
67,2,CarAccident,start_look_at,1686822883
67,2,CarAccident,start_look_at,1686822883
67,7,CarAccident,stop_look_at,1686822883
67,2,CarAccident,stop_look_at,1686822883
67,2,CarAccident,stop_look_at,1686822884
67,11,CarAccident,start_look_at,1686822884
67,11,CarAccident,stop_look_at,1686822885
67,11,CarAccident,stop_look_at,1686822885
67,2,CarAccident,start_look_at,1686822885
67,2,CarAccident,stop_look_at,1686822885
67,11,CarAccident,start_look_at,1686822885
67,11,CarAccident,stop_look_at,1686822885
67,2,CarAccident,start_look_at,1686822885
67,2,CarAccident,stop_look_at,1686822885
67,11,CarAccident,start_look_at,1686822885
67,2,CarAccident,start_look_at,1686822885
67,7,CarAccident,start_look_at,1686822886
67,2,CarAccident,stop_look_at,1686822886
67,7,CarAccident,start_look_at,1686822887
67,11,CarAccident,stop_look_at,1686822887
67,7,CarAccident,stop_point_to,1686822887
67,9,CarAccident,stop_look_at,1686822887
67,7,CarAccident,stop_look_at,1686822887
67,11,CarAccident,start_look_at,1686822887
67,9,CarAccident,start_look_at,1686822887
67,7,CarAccident,stop_look_at,1686822888
67,9,CarAccident,start_look_at,1686822888
67,7,CarAccident,start_point_to,1686822888
67,9,CarAccident,stop_look_at,1686822888
67,7,CarAccident,start_look_at,1686822888
67,9,CarAccident,start_look_at,1686822890
67,7,CarAccident,stop_look_at,1686822890
67,9,CarAccident,stop_look_at,1686822891
67,2,CarAccident,start_look_at,1686822891
67,2,CarAccident,stop_look_at,1686822891
67,7,CarAccident,start_look_at,1686822891
67,7,CarAccident,stop_point_to,1686822891
67,7,CarAccident,start_look_at,1686822892
67,11,CarAccident,measure_radiation,1686822892
67,2,CarAccident,stop_look_at,1686822892
67,7,CarAccident,stop_look_at,1686822892
67,7,CarAccident,start_point_to,1686822892
67,2,CarAccident,start_look_at,1686822892
67,7,CarAccident,stop_point_to,1686822893
67,11,CarAccident,measure_radiation,1686822893
67,7,CarAccident,stop_look_at,1686822893
67,7,CarAccident,stop_point_to,1686822893
67,11,CarAccident,measure_radiation,1686822893
67,7,CarAccident,stop_look_at,1686822894
67,11,CarAccident,measure_radiation,1686822894
67,11,CarAccident,measure_radiation,1686822894
67,11,CarAccident,measure_radiation,1686822894
67,9,CarAccident,start_look_at,1686822894
67,11,CarAccident,measure_radiation,1686822894
67,7,CarAccident,start_look_at,1686822894
67,7,CarAccident,start_point_to,1686822894
67,11,CarAccident,measure_radiation,1686822894
67,11,CarAccident,measure_radiation,1686822894
67,11,CarAccident,measure_radiation,1686822894
67,11,CarAccident,measure_radiation,1686822894
67,7,CarAccident,start_point_to,1686822894
67,2,CarAccident,start_look_at,1686822895
67,9,CarAccident,start_look_at,1686822895
67,9,CarAccident,stop_look_at,1686822895
67,9,CarAccident,stop_look_at,1686822895
67,9,CarAccident,stop_look_at,1686822895
67,7,CarAccident,stop_point_to,1686822895
67,9,CarAccident,start_look_at,1686822895
67,11,CarAccident,measure_radiation,1686822896
67,7,CarAccident,start_look_at,1686822896
67,9,CarAccident,stop_look_at,1686822896
67,9,CarAccident,start_look_at,1686822896
67,9,CarAccident,stop_look_at,1686822896
67,11,CarAccident,measure_radiation,1686822896
67,9,CarAccident,start_look_at,1686822896
67,7,CarAccident,stop_look_at,1686822896
67,11,CarAccident,measure_radiation,1686822896
67,7,CarAccident,start_look_at,1686822896
67,7,CarAccident,start_point_to,1686822896
67,9,CarAccident,stop_point_to,1686822896
67,9,CarAccident,start_look_at,1686822896
67,9,CarAccident,stop_look_at,1686822896
67,9,CarAccident,start_point_to,1686822896
67,9,CarAccident,start_look_at,1686822896
67,7,CarAccident,stop_look_at,1686822896
67,7,CarAccident,start_look_at,1686822896
67,9,CarAccident,stop_look_at,1686822896
67,2,CarAccident,stop_look_at,1686822896
67,11,CarAccident,measure_radiation,1686822896
67,7,CarAccident,stop_look_at,1686822897
67,7,CarAccident,start_look_at,1686822897
67,11,CarAccident,measure_radiation,1686822897
67,7,CarAccident,stop_look_at,1686822897
67,11,CarAccident,measure_radiation,1686822897
67,11,CarAccident,measure_radiation,1686822897
67,7,CarAccident,stop_point_to,1686822897
67,11,CarAccident,measure_radiation,1686822897
67,7,CarAccident,start_point_to,1686822897
67,7,CarAccident,stop_point_to,1686822897
67,7,CarAccident,stop_point_to,1686822897
67,11,CarAccident,start_look_at,1686822898
67,11,CarAccident,stop_look_at,1686822898
67,11,CarAccident,measure_radiation,1686822899
67,11,CarAccident,measure_radiation,1686822899
67,11,CarAccident,measure_radiation,1686822899
67,7,CarAccident,start_point_to,1686822899
67,7,CarAccident,start_point_to,1686822899
67,7,CarAccident,start_point_to,1686822899
67,11,CarAccident,measure_radiation,1686822899
67,7,CarAccident,stop_point_to,1686822899
67,7,CarAccident,start_look_at,1686822899
67,11,CarAccident,measure_radiation,1686822899
67,11,CarAccident,measure_radiation,1686822899
67,11,CarAccident,measure_radiation,1686822900
67,11,CarAccident,measure_radiation,1686822900
67,11,CarAccident,measure_radiation,1686822901
67,11,CarAccident,measure_radiation,1686822901
67,11,CarAccident,measure_radiation,1686822901
67,11,CarAccident,measure_radiation,1686822902
67,11,CarAccident,measure_radiation,1686822902
67,7,CarAccident,start_look_at,1686822902
67,11,CarAccident,stop_look_at,1686822902
67,11,CarAccident,measure_radiation,1686822902
67,7,CarAccident,stop_look_at,1686822902
67,11,CarAccident,measure_radiation,1686822902
67,11,CarAccident,measure_radiation,1686822902
67,11,CarAccident,measure_radiation,1686822902
67,11,CarAccident,start_look_at,1686822902
67,7,CarAccident,stop_point_to,1686822903
67,7,CarAccident,stop_look_at,1686822903
67,7,CarAccident,start_look_at,1686822904
67,7,CarAccident,stop_look_at,1686822905
67,7,CarAccident,stop_point_to,1686822905
67,7,CarAccident,start_look_at,1686822905
67,7,CarAccident,stop_look_at,1686822905
67,7,CarAccident,start_point_to,1686822906
67,7,CarAccident,stop_point_to,1686822906
67,7,CarAccident,start_point_to,1686822906
67,7,CarAccident,start_look_at,1686822906
67,7,CarAccident,stop_point_to,1686822906
67,7,CarAccident,start_point_to,1686822906
67,7,CarAccident,stop_point_to,1686822906
67,7,CarAccident,start_point_to,1686822906
67,7,CarAccident,stop_look_at,1686822906
67,7,CarAccident,stop_point_to,1686822906
67,7,CarAccident,start_look_at,1686822907
67,7,CarAccident,start_point_to,1686822907
67,7,CarAccident,start_point_to,1686822907
67,7,CarAccident,start_point_to,1686822908
67,7,CarAccident,stop_point_to,1686822908
67,9,CarAccident,stop_point_to,1686822908
67,7,CarAccident,stop_look_at,1686822908
67,7,CarAccident,stop_point_to,1686822908
67,9,CarAccident,start_point_to,1686822908
67,9,CarAccident,start_look_at,1686822908
67,7,CarAccident,start_point_to,1686822909
67,7,CarAccident,stop_point_to,1686822909
67,9,CarAccident,start_look_at,1686822909
67,7,CarAccident,stop_look_at,1686822909
67,7,CarAccident,start_look_at,1686822909
67,9,CarAccident,stop_look_at,1686822909
67,9,CarAccident,start_look_at,1686822909
67,7,CarAccident,start_point_to,1686822909
67,9,CarAccident,stop_point_to,1686822909
67,7,CarAccident,start_look_at,1686822909
67,7,CarAccident,stop_look_at,1686822909
67,9,CarAccident,start_point_to,1686822909
67,9,CarAccident,stop_look_at,1686822909
67,9,CarAccident,stop_look_at,1686822909
67,9,CarAccident,stop_look_at,1686822909
67,7,CarAccident,start_look_at,1686822909
67,9,CarAccident,start_look_at,1686822909
67,7,CarAccident,stop_look_at,1686822909
67,9,CarAccident,start_look_at,1686822909
67,7,CarAccident,stop_point_to,1686822909
67,7,CarAccident,start_point_to,1686822909
67,7,CarAccident,stop_point_to,1686822910
67,9,CarAccident,start_point_to,1686822910
67,9,CarAccident,stop_point_to,1686822910
67,7,CarAccident,start_point_to,1686822910
67,2,CarAccident,stop_look_at,1686822911
67,7,CarAccident,start_point_to,1686822911
67,7,CarAccident,start_look_at,1686822911
67,2,CarAccident,start_look_at,1686822911
67,7,CarAccident,stop_look_at,1686822911
67,7,CarAccident,start_look_at,1686822911
67,9,CarAccident,stop_look_at,1686822911
67,7,CarAccident,stop_point_to,1686822911
67,9,CarAccident,start_look_at,1686822912
67,7,CarAccident,stop_look_at,1686822912
67,9,CarAccident,start_look_at,1686822912
67,9,CarAccident,stop_look_at,1686822912
67,7,CarAccident,start_look_at,1686822912
67,7,CarAccident,stop_look_at,1686822912
67,7,CarAccident,stop_point_to,1686822912
67,9,CarAccident,stop_point_to,1686822913
67,7,CarAccident,start_point_to,1686822913
67,7,CarAccident,stop_point_to,1686822913
67,7,CarAccident,start_look_at,1686822913
67,9,CarAccident,start_point_to,1686822913
67,9,CarAccident,stop_look_at,1686822913
67,7,CarAccident,stop_point_to,1686822913
67,9,CarAccident,start_look_at,1686822913
67,9,CarAccident,stop_point_to,1686822913
67,9,CarAccident,start_point_to,1686822913
67,7,CarAccident,stop_point_to,1686822913
67,9,CarAccident,stop_look_at,1686822913
67,7,CarAccident,start_point_to,1686822913
67,7,CarAccident,start_point_to,1686822913
67,7,CarAccident,stop_look_at,1686822913
67,7,CarAccident,start_point_to,1686822914
67,7,CarAccident,start_point_to,1686822914
67,7,CarAccident,stop_point_to,1686822914
67,11,CarAccident,measure_radiation,1686822914
67,11,CarAccident,measure_radiation,1686822914
67,7,CarAccident,start_look_at,1686822914
67,7,CarAccident,stop_point_to,1686822914
67,7,CarAccident,start_point_to,1686822915
67,7,CarAccident,stop_point_to,1686822915
67,7,CarAccident,start_point_to,1686822915
67,7,CarAccident,stop_point_to,1686822915
67,9,CarAccident,start_point_to,1686822915
67,9,CarAccident,stop_point_to,1686822915
67,7,CarAccident,start_point_to,1686822915
67,7,CarAccident,stop_point_to,1686822915
67,11,CarAccident,drop,1686822915
67,7,CarAccident,start_point_to,1686822915
67,7,CarAccident,stop_point_to,1686822915
67,7,CarAccident,interact_with,1686822916
67,7,CarAccident,interact_with,1686822916
67,7,CarAccident,start_point_to,1686822916
67,7,CarAccident,stop_point_to,1686822917
67,7,CarAccident,start_point_to,1686822917
67,7,CarAccident,stop_point_to,1686822917
67,7,CarAccident,interact_with,1686822917
67,7,CarAccident,start_point_to,1686822917
67,7,CarAccident,start_point_to,1686822918
67,7,CarAccident,start_look_at,1686822918
67,2,CarAccident,stop_look_at,1686822918
67,7,CarAccident,stop_point_to,1686822918
67,2,CarAccident,start_look_at,1686822918
67,9,CarAccident,stop_look_at,1686822918
67,7,CarAccident,interact_with,1686822918
67,7,CarAccident,interact_with,1686822918
67,9,CarAccident,start_look_at,1686822918
67,7,CarAccident,start_look_at,1686822918
67,9,CarAccident,stop_look_at,1686822918
67,7,CarAccident,interact_with,1686822918
67,9,CarAccident,start_look_at,1686822918
67,7,CarAccident,stop_look_at,1686822918
67,7,CarAccident,interact_with,1686822918
67,7,CarAccident,stop_look_at,1686822918
67,7,CarAccident,stop_look_at,1686822919
67,7,CarAccident,start_point_to,1686822919
67,7,CarAccident,stop_point_to,1686822919
67,2,CarAccident,stop_point_to,1686822919
67,2,CarAccident,start_point_to,1686822919
67,7,CarAccident,start_point_to,1686822919
67,7,CarAccident,stop_point_to,1686822919
67,7,CarAccident,start_look_at,1686822919
67,7,CarAccident,stop_look_at,1686822919
67,7,CarAccident,interact_with,1686822919
67,7,CarAccident,stop_point_to,1686822919
67,7,CarAccident,stop_point_to,1686822920
67,7,CarAccident,start_point_to,1686822920
67,7,CarAccident,start_look_at,1686822921
67,7,CarAccident,stop_point_to,1686822921
67,11,CarAccident,pick_up,1686822921
67,11,CarAccident,measure_radiation,1686822921
67,7,CarAccident,start_point_to,1686822921
67,7,CarAccident,stop_point_to,1686822921
67,7,CarAccident,start_point_to,1686822921
67,7,CarAccident,start_point_to,1686822921
67,11,CarAccident,measure_radiation,1686822922
67,7,CarAccident,stop_look_at,1686822922
67,7,CarAccident,stop_point_to,1686822922
67,7,CarAccident,stop_point_to,1686822922
