id,user_id,scenario_type,input_type,input_state,event_datetime
0,"7","LoadingScreen","IA_Menu_Interact_Right","Started","2024-2-14 16:27:37"
1,"7","LoadingScreen","IA_Menu_Interact_Right","Completed","2024-2-14 16:27:37"
2,"7","LoadingScreen","IA_Menu_Interact_Right","Started","2024-2-14 16:27:42"
3,"7","LoadingScreen","IA_Menu_Interact_Right","Completed","2024-2-14 16:27:42"
4,"12","LoadingScreen","IA_Menu_Interact_Right","Started","2024-2-14 16:50:58"
5,"12","LoadingScreen","IA_Menu_Interact_Right","Completed","2024-2-14 16:50:58"
6,"12","LoadingScreen","IA_Menu_Interact_Right","Started","2024-2-14 16:51:0"
7,"12","LoadingScreen","IA_Menu_Interact_Right","Completed","2024-2-14 16:51:0"
8,"12","LoadingScreen","IA_Menu_Interact_Right","Started","2024-2-14 16:51:2"
9,"12","LoadingScreen","IA_Menu_Interact_Right","Completed","2024-2-14 16:51:2"
10,"12","LoadingScreen","IA_Menu_Interact_Right","Started","2024-2-14 16:51:4"
11,"12","LoadingScreen","IA_Menu_Interact_Right","Completed","2024-2-14 16:51:4"
12,"13","LoadingScreen","IA_Menu_Interact_Right","Started","2024-2-14 17:7:45"
13,"13","LoadingScreen","IA_Menu_Interact_Right","Completed","2024-2-14 17:7:45"
14,"13","LoadingScreen","IA_Menu_Interact_Right","Started","2024-2-14 17:7:46"
15,"13","LoadingScreen","IA_Menu_Interact_Right","Completed","2024-2-14 17:7:46"
16,"13","LoadingScreen","IA_Menu_Interact_Right","Started","2024-2-14 17:7:48"
17,"13","LoadingScreen","IA_Menu_Interact_Right","Completed","2024-2-14 17:7:48"
18,"13","LoadingScreen","IA_Menu_Interact_Right","Started","2024-2-14 17:7:49"
19,"13","LoadingScreen","IA_Menu_Interact_Right","Completed","2024-2-14 17:7:49"
20,"13","LoadingScreen","IA_Menu_Interact_Right","Started","2024-2-14 17:7:50"
21,"13","LoadingScreen","IA_Menu_Interact_Right","Completed","2024-2-14 17:7:50"
22,"13","LoadingScreen","IA_Menu_Interact_Right","Started","2024-2-14 17:7:52"
23,"13","LoadingScreen","IA_Menu_Interact_Right","Completed","2024-2-14 17:7:52"
24,"13","LoadingScreen","IA_Menu_Interact_Right","Started","2024-2-14 17:7:53"
25,"13","LoadingScreen","IA_Menu_Interact_Right","Completed","2024-2-14 17:7:53"
26,"13","LoadingScreen","IA_Menu_Interact_Right","Started","2024-2-14 17:7:54"
27,"13","LoadingScreen","IA_Menu_Interact_Right","Completed","2024-2-14 17:7:55"
28,"13","LoadingScreen","IA_Menu_Interact_Right","Started","2024-2-14 17:7:56"
29,"13","LoadingScreen","IA_Menu_Interact_Right","Completed","2024-2-14 17:7:56"
30,"13","LoadingScreen","IA_Menu_Interact_Right","Started","2024-2-14 17:7:57"
31,"13","LoadingScreen","IA_Menu_Interact_Right","Completed","2024-2-14 17:7:57"
32,"13","LoadingScreen","IA_Menu_Interact_Right","Started","2024-2-14 17:7:58"
33,"13","LoadingScreen","IA_Menu_Interact_Right","Completed","2024-2-14 17:7:59"
34,"13","LoadingScreen","IA_Menu_Interact_Right","Started","2024-2-14 17:8:0"
35,"13","LoadingScreen","IA_Menu_Interact_Right","Completed","2024-2-14 17:8:0"
36,"13","LoadingScreen","IA_Menu_Interact_Right","Started","2024-2-14 17:8:1"
37,"17","LoadingScreen","IA_Menu_Interact_Right","Started","2024-2-14 17:17:30"
38,"17","LoadingScreen","IA_Menu_Interact_Right","Completed","2024-2-14 17:17:30"
39,"17","LoadingScreen","IA_Menu_Interact_Right","Started","2024-2-14 17:17:31"
40,"17","LoadingScreen","IA_Menu_Interact_Right","Completed","2024-2-14 17:17:31"
41,"17","LoadingScreen","IA_Menu_Interact_Right","Started","2024-2-14 17:17:33"
42,"17","LoadingScreen","IA_Menu_Interact_Right","Completed","2024-2-14 17:17:33"
43,"17","LoadingScreen","IA_Menu_Interact_Right","Started","2024-2-14 17:17:35"
44,"17","LoadingScreen","IA_Menu_Interact_Right","Completed","2024-2-14 17:17:35"
45,"19","LoadingScreen","IA_Menu_Interact_Right","Started","2024-2-14 17:29:26"
46,"19","LoadingScreen","IA_Menu_Interact_Right","Completed","2024-2-14 17:29:26"
47,"19","LoadingScreen","IA_Menu_Interact_Right","Started","2024-2-14 17:29:28"
48,"19","LoadingScreen","IA_Menu_Interact_Right","Completed","2024-2-14 17:29:28"
49,"19","LoadingScreen","IA_Menu_Interact_Right","Started","2024-2-14 17:29:30"
50,"19","LoadingScreen","IA_Menu_Interact_Right","Completed","2024-2-14 17:29:30"
51,"19","LoadingScreen","IA_Menu_Interact_Right","Started","2024-2-14 17:29:32"
52,"19","LoadingScreen","IA_Menu_Interact_Right","Completed","2024-2-14 17:29:32"
53,"19","LoadingScreen","IA_Menu_Interact_Right","Started","2024-2-14 17:29:33"
54,"19","LoadingScreen","IA_Menu_Interact_Right","Completed","2024-2-14 17:29:33"
55,"19","LoadingScreen","IA_Menu_Interact_Right","Started","2024-2-14 17:29:33"
56,"19","LoadingScreen","IA_Menu_Interact_Right","Completed","2024-2-14 17:29:33"
57,"19","LoadingScreen","IA_Menu_Interact_Right","Started","2024-2-14 17:29:34"
58,"19","LoadingScreen","IA_Menu_Interact_Right","Completed","2024-2-14 17:29:34"
59,"19","LoadingScreen","IA_Menu_Interact_Right","Started","2024-2-14 17:29:34"
60,"19","LoadingScreen","IA_Menu_Interact_Right","Completed","2024-2-14 17:29:34"
61,"19","LoadingScreen","IA_Menu_Interact_Right","Started","2024-2-14 17:29:35"
62,"19","LoadingScreen","IA_Menu_Interact_Right","Completed","2024-2-14 17:29:35"
63,"19","LoadingScreen","IA_Menu_Interact_Right","Started","2024-2-14 17:29:35"
64,"19","LoadingScreen","IA_Menu_Interact_Right","Completed","2024-2-14 17:29:35"
65,"9999","Develop","IA_Menu_Interact_Right","Started","2024-2-19 11:46:40"
66,"9999","Develop","IA_Menu_Interact_Right","Completed","2024-2-19 11:46:40"
67,"9999","Develop","IA_Grab_Right","Started","2024-2-19 11:46:40"
68,"9999","Develop","IA_Menu_Interact_Right","Started","2024-2-19 11:46:40"
69,"9999","Develop","IA_Grab_Right","Completed","2024-2-19 11:46:40"
70,"9999","Develop","IA_Menu_Interact_Right","Completed","2024-2-19 11:46:40"
71,"9999","Develop","IA_Grab_Right","Started","2024-2-19 11:46:40"
72,"9999","Develop","IA_Grab_Right","Completed","2024-2-19 11:46:41"
73,"9999","Develop","IA_Menu_Interact_Right","Started","2024-2-19 11:46:41"
74,"9999","Develop","IA_Menu_Interact_Right","Completed","2024-2-19 11:46:41"
75,"9999","Develop","IA_Menu_Toggle_Right","Started","2024-2-19 11:46:43"
76,"9999","Develop","IA_Menu_Toggle_Right","Completed","2024-2-19 11:46:43"
77,"9999","Develop","IA_Menu_Toggle_Right","Started","2024-2-19 11:46:44"
78,"9999","Develop","IA_Menu_Toggle_Right","Completed","2024-2-19 11:46:44"
79,"9999","Develop","IA_Menu_Toggle_Right","Started","2024-2-19 11:46:45"
80,"9999","Develop","IA_Menu_Toggle_Right","Completed","2024-2-19 11:46:45"
81,"9999","Develop","IA_Menu_Toggle_Right","Started","2024-2-19 11:46:46"
82,"9999","Develop","IA_Menu_Toggle_Right","Completed","2024-2-19 11:46:46"
83,"9999","Develop","IA_Menu_Toggle_Right","Started","2024-2-19 11:46:46"
84,"9999","Develop","IA_Menu_Toggle_Right","Completed","2024-2-19 11:46:46"
85,"9999","Develop","IA_Menu_Toggle_Right","Started","2024-2-19 11:46:47"
86,"9999","Develop","IA_Menu_Toggle_Right","Completed","2024-2-19 11:46:47"
87,"9999","Develop","IA_Menu_Toggle_Right","Started","2024-2-19 11:46:47"
88,"9999","Develop","IA_Menu_Toggle_Right","Completed","2024-2-19 11:46:48"
89,"9999","Develop","IA_Grab_Right","Started","2024-2-19 11:47:31"
90,"9999","Develop","IA_Menu_Interact_Right","Started","2024-2-19 11:47:31"
91,"9999","Develop","IA_Menu_Interact_Right","Completed","2024-2-19 11:47:31"
92,"9999","Develop","IA_Grab_Right","Completed","2024-2-19 11:47:31"
93,"9999","Develop","IA_Menu_Interact_Right","Started","2024-2-19 11:47:32"
94,"9999","Develop","IA_Menu_Interact_Right","Completed","2024-2-19 11:47:32"
95,"9999","Develop","IA_Grab_Right","Started","2024-2-19 11:47:32"
96,"9999","Develop","IA_Grab_Right","Completed","2024-2-19 11:47:32"
97,"9999","Develop","IA_Menu_Toggle_Right","Started","2024-2-19 11:47:33"
98,"9999","Develop","IA_Menu_Toggle_Right","Completed","2024-2-19 11:47:33"
99,"9999","Develop","IA_Menu_Toggle_Right","Started","2024-2-19 11:47:33"
100,"9999","Develop","IA_Menu_Toggle_Right","Completed","2024-2-19 11:47:33"
101,"9999","Develop","IA_Menu_Interact_Right","Started","2024-2-19 11:50:25"
102,"9999","Develop","IA_Menu_Interact_Right","Completed","2024-2-19 11:50:25"
103,"9999","Develop","IA_Grab_Right","Started","2024-2-19 11:50:25"
104,"9999","Develop","IA_Grab_Right","Completed","2024-2-19 11:50:26"
105,"9999","Develop","IA_Menu_Interact_Right","Started","2024-2-19 11:50:26"
106,"9999","Develop","IA_Menu_Interact_Right","Completed","2024-2-19 11:50:27"
107,"9999","Develop","IA_Menu_Interact_Right","Started","2024-2-19 11:50:27"
108,"9999","Develop","IA_Menu_Interact_Right","Completed","2024-2-19 11:50:28"
109,"9999","Develop","IA_Grab_Right","Started","2024-2-19 11:50:28"
110,"9999","Develop","IA_Menu_Interact_Right","Started","2024-2-19 11:50:28"
111,"9999","Develop","IA_Grab_Right","Completed","2024-2-19 11:50:29"
112,"9999","Develop","IA_Menu_Interact_Right","Completed","2024-2-19 11:50:29"
113,"9999","Develop","IA_Menu_Interact_Right","Started","2024-2-19 11:50:34"
114,"9999","Develop","IA_Menu_Interact_Right","Completed","2024-2-19 11:50:34"
115,"9999","Develop","IA_Menu_Interact_Right","Started","2024-2-19 11:50:34"
116,"9999","Develop","IA_Menu_Interact_Right","Completed","2024-2-19 11:50:35"
117,"9999","Develop","IA_Menu_Interact_Right","Started","2024-2-19 11:50:35"
118,"9999","Develop","IA_Menu_Interact_Right","Completed","2024-2-19 11:50:35"
119,"9999","Develop","IA_Menu_Interact_Right","Started","2024-2-19 11:50:42"
120,"9999","Develop","IA_Grab_Right","Started","2024-2-19 14:31:44"
121,"9999","Develop","IA_Grab_Right","Completed","2024-2-19 14:31:45"
122,"9999","Develop","IA_Move_Right","Started","2024-2-19 14:40:38"
123,"9999","Develop","IA_Move_Right","Completed","2024-2-19 14:40:38"
124,"9999","Develop","IA_Grab_Right","Started","2024-2-19 14:41:36"
125,"9999","Develop","IA_Menu_Interact_Right","Started","2024-2-19 14:41:36"
126,"9999","Develop","IA_Grab_Right","Completed","2024-2-19 14:41:36"
127,"9999","Develop","IA_Menu_Interact_Right","Completed","2024-2-19 14:41:36"
128,"9999","Develop","IA_Grab_Right","Started","2024-2-19 15:12:8"
129,"9999","Develop","IA_Grab_Right","Completed","2024-2-19 15:12:8"
130,"9999","Develop","IA_Grab_Right","Started","2024-2-19 15:12:13"
131,"9999","Develop","IA_Grab_Right","Completed","2024-2-19 15:12:13"
132,"9999","Develop","IA_Grab_Right","Started","2024-2-19 15:12:18"
133,"9999","Develop","IA_Grab_Right","Completed","2024-2-19 15:12:18"
134,"9999","Develop","IA_Menu_Interact_Right","Started","2024-2-19 15:12:19"
135,"9999","Develop","IA_Grab_Right","Started","2024-2-19 15:12:19"
136,"9999","Develop","IA_Grab_Right","Completed","2024-2-19 15:12:19"
137,"9999","Develop","IA_Menu_Interact_Right","Completed","2024-2-19 15:12:19"
138,"9999","Develop","IA_Menu_Interact_Right","Started","2024-2-19 15:12:19"
139,"9999","Develop","IA_Menu_Interact_Right","Completed","2024-2-19 15:12:19"
140,"9999","Develop","IA_Menu_Interact_Right","Started","2024-2-19 15:12:19"
141,"9999","Develop","IA_Menu_Interact_Right","Completed","2024-2-19 15:12:20"
142,"9999","Develop","IA_Grab_Right","Started","2024-2-19 15:12:20"
143,"9999","Develop","IA_Menu_Interact_Right","Started","2024-2-19 15:12:20"
144,"9999","Develop","IA_Grab_Right","Completed","2024-2-19 15:12:20"
145,"9999","Develop","IA_Menu_Interact_Right","Completed","2024-2-19 15:12:20"
146,"9999","Develop","IA_Grab_Right","Started","2024-2-19 15:12:20"
147,"9999","Develop","IA_Menu_Interact_Right","Started","2024-2-19 15:12:20"
148,"9999","Develop","IA_Grab_Right","Completed","2024-2-19 15:12:20"
149,"9999","Develop","IA_Menu_Interact_Right","Completed","2024-2-19 15:12:21"
150,"9999","Develop","IA_Grab_Right","Started","2024-2-19 15:12:21"
151,"9999","Develop","IA_Menu_Interact_Right","Started","2024-2-19 15:12:21"
152,"9999","Develop","IA_Grab_Right","Completed","2024-2-19 15:12:21"
153,"9999","Develop","IA_Menu_Interact_Right","Completed","2024-2-19 15:12:21"
154,"9999","Develop","IA_Menu_Interact_Right","Started","2024-2-19 15:12:21"
155,"9999","Develop","IA_Grab_Right","Started","2024-2-19 15:12:21"
156,"9999","Develop","IA_Menu_Interact_Right","Completed","2024-2-19 15:12:21"
157,"9999","Develop","IA_Grab_Right","Completed","2024-2-19 15:12:21"
158,"9999","Develop","IA_Menu_Interact_Right","Started","2024-2-19 15:49:6"
159,"9999","Develop","IA_Menu_Interact_Right","Completed","2024-2-19 15:49:7"
160,"9999","Develop","IA_Menu_Toggle_Right","Started","2024-2-19 15:49:7"
161,"9999","Develop","IA_Menu_Toggle_Right","Completed","2024-2-19 15:49:7"
162,"9999","Develop","IA_Menu_Toggle_Right","Started","2024-2-19 15:49:8"
163,"9999","Develop","IA_Menu_Toggle_Right","Completed","2024-2-19 15:49:8"
164,"9999","Develop","IA_Menu_Toggle_Right","Started","2024-2-19 15:49:8"
165,"9999","Develop","IA_Menu_Toggle_Right","Completed","2024-2-19 15:49:8"
166,"9999","Develop","IA_Menu_Toggle_Right","Started","2024-2-19 15:49:9"
167,"9999","Develop","IA_Menu_Toggle_Right","Completed","2024-2-19 15:49:9"
168,"9999","Develop","IA_Menu_Toggle_Right","Started","2024-2-19 15:49:10"
169,"9999","Develop","IA_Menu_Toggle_Right","Completed","2024-2-19 15:49:10"
170,"9999","MainMenu","IA_Menu_Interact_Right","Started","2024-2-22 9:26:36"
171,"9999","MainMenu","IA_Menu_Interact_Right","Completed","2024-2-22 9:26:37"
172,"9999","MainMenu","IA_Menu_Interact_Right","Started","2024-2-22 9:26:38"
173,"9999","MainMenu","IA_Menu_Interact_Right","Completed","2024-2-22 9:26:39"
174,"21","LoadingScreen","IA_Menu_Interact_Right","Started","2024-2-22 9:40:50"
175,"21","LoadingScreen","IA_Menu_Interact_Right","Completed","2024-2-22 9:40:50"
176,"21","LoadingScreen","IA_Menu_Interact_Right","Started","2024-2-22 9:40:50"
177,"21","LoadingScreen","IA_Menu_Interact_Right","Completed","2024-2-22 9:40:50"
178,"21","LoadingScreen","IA_Menu_Interact_Right","Started","2024-2-22 9:40:50"
179,"21","LoadingScreen","IA_Menu_Interact_Right","Completed","2024-2-22 9:40:50"
180,"21","LoadingScreen","IA_Menu_Interact_Right","Started","2024-2-22 9:40:50"
181,"21","LoadingScreen","IA_Menu_Interact_Right","Completed","2024-2-22 9:40:51"
182,"21","LoadingScreen","IA_Menu_Interact_Right","Started","2024-2-22 9:40:51"
183,"21","LoadingScreen","IA_Menu_Interact_Right","Completed","2024-2-22 9:40:51"
184,"21","LoadingScreen","IA_Menu_Interact_Right","Started","2024-2-22 9:40:51"
185,"21","LoadingScreen","IA_Menu_Interact_Right","Completed","2024-2-22 9:40:51"
186,"21","LoadingScreen","IA_Menu_Interact_Right","Started","2024-2-22 9:40:51"
187,"21","LoadingScreen","IA_Menu_Interact_Right","Completed","2024-2-22 9:40:51"
188,"21","LoadingScreen","IA_Menu_Interact_Right","Started","2024-2-22 9:40:52"
189,"21","LoadingScreen","IA_Menu_Interact_Right","Completed","2024-2-22 9:40:52"
190,"21","LoadingScreen","IA_Menu_Interact_Right","Started","2024-2-22 9:40:52"
191,"21","LoadingScreen","IA_Menu_Interact_Right","Completed","2024-2-22 9:40:52"
192,"21","LoadingScreen","IA_Menu_Interact_Right","Started","2024-2-22 9:40:52"
193,"21","LoadingScreen","IA_Menu_Interact_Right","Completed","2024-2-22 9:40:52"
194,"21","LoadingScreen","IA_Menu_Interact_Right","Started","2024-2-22 9:40:52"
195,"21","LoadingScreen","IA_Menu_Interact_Right","Completed","2024-2-22 9:40:52"
196,"21","LoadingScreen","IA_Menu_Interact_Right","Started","2024-2-22 9:40:53"
197,"21","LoadingScreen","IA_Menu_Interact_Right","Completed","2024-2-22 9:40:53"
198,"21","LoadingScreen","IA_Menu_Interact_Right","Started","2024-2-22 9:40:53"
199,"21","LoadingScreen","IA_Menu_Interact_Right","Completed","2024-2-22 9:40:53"
200,"21","LoadingScreen","IA_Menu_Interact_Right","Started","2024-2-22 9:40:53"
201,"21","LoadingScreen","IA_Menu_Interact_Right","Completed","2024-2-22 9:40:53"
202,"21","LoadingScreen","IA_Menu_Interact_Right","Started","2024-2-22 9:40:53"
203,"21","LoadingScreen","IA_Menu_Interact_Right","Completed","2024-2-22 9:40:53"
204,"21","LoadingScreen","IA_Menu_Interact_Right","Started","2024-2-22 9:40:54"
205,"21","LoadingScreen","IA_Menu_Interact_Right","Completed","2024-2-22 9:40:54"
206,"21","LoadingScreen","IA_Menu_Interact_Right","Started","2024-2-22 9:40:54"
207,"21","LoadingScreen","IA_Menu_Interact_Right","Completed","2024-2-22 9:40:54"
208,"21","LoadingScreen","IA_Menu_Interact_Right","Started","2024-2-22 9:40:54"
209,"21","LoadingScreen","IA_Menu_Interact_Right","Completed","2024-2-22 9:40:54"
210,"21","LoadingScreen","IA_Menu_Interact_Right","Started","2024-2-22 9:40:54"
211,"21","LoadingScreen","IA_Menu_Interact_Right","Completed","2024-2-22 9:40:54"
212,"21","LoadingScreen","IA_Menu_Interact_Right","Started","2024-2-22 9:40:55"
213,"21","LoadingScreen","IA_Menu_Interact_Right","Completed","2024-2-22 9:40:55"
214,"21","LoadingScreen","IA_Menu_Interact_Right","Started","2024-2-22 9:40:55"
215,"21","LoadingScreen","IA_Menu_Interact_Right","Completed","2024-2-22 9:40:55"
216,"21","LoadingScreen","IA_Menu_Interact_Right","Started","2024-2-22 9:40:55"
217,"21","LoadingScreen","IA_Menu_Interact_Right","Completed","2024-2-22 9:40:55"
218,"21","LoadingScreen","IA_Menu_Interact_Right","Started","2024-2-22 9:40:55"
219,"21","LoadingScreen","IA_Menu_Interact_Right","Completed","2024-2-22 9:40:55"
220,"21","LoadingScreen","IA_Menu_Interact_Right","Started","2024-2-22 9:40:56"
221,"21","LoadingScreen","IA_Menu_Interact_Right","Completed","2024-2-22 9:40:56"
222,"21","LoadingScreen","IA_Menu_Interact_Right","Started","2024-2-22 9:40:56"
223,"21","LoadingScreen","IA_Menu_Interact_Right","Completed","2024-2-22 9:40:56"
224,"21","LoadingScreen","IA_Menu_Interact_Right","Started","2024-2-22 9:40:56"
225,"21","LoadingScreen","IA_Menu_Interact_Right","Completed","2024-2-22 9:40:56"
226,"21","LoadingScreen","IA_Menu_Interact_Right","Started","2024-2-22 9:40:56"
227,"21","LoadingScreen","IA_Menu_Interact_Right","Completed","2024-2-22 9:40:56"
228,"21","LoadingScreen","IA_Menu_Interact_Right","Started","2024-2-22 9:40:57"
229,"21","LoadingScreen","IA_Menu_Interact_Right","Completed","2024-2-22 9:40:57"
230,"21","LoadingScreen","IA_Menu_Interact_Right","Started","2024-2-22 9:40:57"
231,"23","S1_BasicMechanics","IA_Grab_Right","Started","2024-2-22 9:44:52"
232,"23","S1_BasicMechanics","IA_Grab_Right","Completed","2024-2-22 9:44:52"
233,"24","S1_BasicMechanics","IA_Menu_Interact_Left","Started","2024-2-22 9:46:5"
234,"24","S1_BasicMechanics","IA_Menu_Interact_Left","Completed","2024-2-22 9:46:5"
235,"24","S1_BasicMechanics","IA_Move_Left","Started","2024-2-22 9:46:6"
236,"9999","Develop","IA_Menu_Toggle_Right","Started","2024-2-22 10:11:59"
237,"9999","Develop","IA_Menu_Toggle_Right","Completed","2024-2-22 10:12:0"
238,"9999","Develop","IA_Menu_Interact_Left","Started","2024-2-22 10:12:2"
239,"9999","Develop","IA_Menu_Interact_Left","Completed","2024-2-22 10:12:2"
240,"9999","Develop","IA_Menu_Interact_Left","Started","2024-2-22 10:12:6"
241,"9999","Develop","IA_Menu_Interact_Left","Completed","2024-2-22 10:12:7"
242,"9999","Develop","IA_Menu_Toggle_Right","Started","2024-2-22 10:14:28"
243,"9999","Develop","IA_Menu_Toggle_Right","Completed","2024-2-22 10:14:29"
244,"9999","Develop","IA_Menu_Interact_Left","Started","2024-2-22 10:14:32"
245,"9999","Develop","IA_Menu_Interact_Left","Completed","2024-2-22 10:14:32"
246,"9999","Develop","IA_Menu_Interact_Left","Started","2024-2-22 10:14:35"
247,"9999","Develop","IA_Menu_Interact_Left","Completed","2024-2-22 10:14:35"
248,"9999","Develop","IA_Menu_Interact_Left","Started","2024-2-22 10:14:39"
249,"9999","Develop","IA_Menu_Interact_Left","Completed","2024-2-22 10:14:39"
250,"9999","Develop","IA_Menu_Interact_Left","Started","2024-2-22 10:14:41"
251,"9999","Develop","IA_Menu_Interact_Left","Completed","2024-2-22 10:14:41"
252,"9999","Develop","IA_Menu_Interact_Left","Started","2024-2-22 10:14:41"
253,"9999","Develop","IA_Menu_Interact_Left","Completed","2024-2-22 10:14:42"
254,"9999","Develop","IA_Grab_Left","Started","2024-2-22 10:16:56"
255,"9999","Develop","IA_Grab_Left","Completed","2024-2-22 10:16:56"
256,"9999","Develop","IA_Menu_Toggle_Right","Started","2024-2-22 10:16:57"
257,"9999","Develop","IA_Menu_Toggle_Right","Completed","2024-2-22 10:16:57"
258,"9999","Develop","IA_Menu_Interact_Left","Started","2024-2-22 10:17:0"
259,"9999","Develop","IA_Menu_Interact_Left","Completed","2024-2-22 10:17:0"
260,"9999","Develop","IA_Menu_Toggle_Right","Started","2024-2-22 10:20:47"
261,"9999","Develop","IA_Menu_Toggle_Right","Completed","2024-2-22 10:20:47"
262,"9999","Develop","IA_Menu_Interact_Left","Started","2024-2-22 10:20:49"
263,"9999","Develop","IA_Menu_Interact_Left","Completed","2024-2-22 10:20:49"
264,"9999","Develop","IA_Menu_Toggle_Right","Started","2024-2-22 10:22:56"
265,"9999","Develop","IA_Menu_Toggle_Right","Completed","2024-2-22 10:22:56"
266,"9999","Develop","IA_Menu_Interact_Left","Started","2024-2-22 10:22:59"
267,"9999","Develop","IA_Menu_Interact_Left","Completed","2024-2-22 10:22:59"
268,"9999","Develop","IA_Menu_Toggle_Right","Started","2024-2-22 10:23:14"
269,"9999","Develop","IA_Menu_Toggle_Right","Completed","2024-2-22 10:23:14"
270,"9999","Develop","IA_Menu_Interact_Left","Started","2024-2-22 10:23:16"
271,"9999","Develop","IA_Menu_Interact_Left","Completed","2024-2-22 10:23:16"
272,"9999","Develop","IA_Menu_Interact_Left","Started","2024-2-22 10:23:17"
273,"9999","Develop","IA_Menu_Interact_Left","Completed","2024-2-22 10:23:17"
274,"9999","Develop","IA_Menu_Toggle_Right","Started","2024-2-22 10:23:31"
275,"9999","Develop","IA_Menu_Toggle_Right","Completed","2024-2-22 10:23:31"
276,"9999","Develop","IA_Menu_Interact_Left","Started","2024-2-22 10:23:33"
277,"9999","Develop","IA_Menu_Interact_Left","Completed","2024-2-22 10:23:33"
278,"9999","Develop","IA_Menu_Interact_Left","Started","2024-2-22 10:23:33"
279,"9999","Develop","IA_Menu_Interact_Left","Completed","2024-2-22 10:23:33"
280,"9999","Develop","IA_Move_Left","Started","2024-2-22 10:24:2"
281,"9999","Develop","IA_Move_Left","Completed","2024-2-22 10:24:3"
282,"9999","Develop","IA_Menu_Toggle_Right","Started","2024-2-22 10:24:8"
283,"9999","Develop","IA_Menu_Toggle_Right","Completed","2024-2-22 10:24:8"
284,"9999","Develop","IA_Menu_Toggle_Right","Started","2024-2-22 10:24:9"
285,"9999","Develop","IA_Menu_Toggle_Right","Completed","2024-2-22 10:24:9"
286,"9999","Develop","IA_Menu_Toggle_Right","Started","2024-2-22 10:28:31"
287,"9999","Develop","IA_Menu_Toggle_Right","Completed","2024-2-22 10:28:31"
288,"9999","Develop","IA_Menu_Interact_Left","Started","2024-2-22 10:28:37"
289,"9999","Develop","IA_Menu_Interact_Left","Completed","2024-2-22 10:28:37"
290,"9999","Develop","IA_Menu_Toggle_Right","Started","2024-2-22 10:28:53"
291,"9999","Develop","IA_Menu_Toggle_Right","Completed","2024-2-22 10:28:53"
292,"9999","Develop","IA_Menu_Toggle_Right","Started","2024-2-22 10:28:53"
293,"9999","Develop","IA_Menu_Toggle_Right","Completed","2024-2-22 10:28:53"
294,"9999","Develop","IA_Menu_Interact_Left","Started","2024-2-22 10:28:55"
295,"9999","Develop","IA_Menu_Interact_Left","Completed","2024-2-22 10:28:55"
296,"9999","Develop","IA_Menu_Interact_Left","Started","2024-2-22 10:28:56"
297,"9999","Develop","IA_Menu_Interact_Left","Completed","2024-2-22 10:28:56"
298,"9999","Develop","IA_Menu_Interact_Left","Started","2024-2-22 10:28:57"
299,"9999","Develop","IA_Menu_Interact_Left","Completed","2024-2-22 10:28:57"
300,"9999","Develop","IA_Menu_Interact_Left","Started","2024-2-22 10:29:3"
301,"9999","Develop","IA_Menu_Interact_Left","Completed","2024-2-22 10:29:3"
302,"9999","Develop","IA_Menu_Interact_Left","Started","2024-2-22 10:29:6"
303,"9999","Develop","IA_Menu_Interact_Left","Completed","2024-2-22 10:29:8"
304,"9999","Develop","IA_Menu_Interact_Left","Started","2024-2-22 10:29:10"
305,"9999","Develop","IA_Menu_Interact_Left","Completed","2024-2-22 10:29:10"
306,"9999","Develop","IA_Menu_Interact_Left","Started","2024-2-22 10:29:11"
307,"9999","Develop","IA_Menu_Interact_Left","Completed","2024-2-22 10:29:12"
308,"9999","Develop","IA_Menu_Interact_Left","Started","2024-2-22 10:29:15"
309,"9999","Develop","IA_Menu_Interact_Left","Completed","2024-2-22 10:29:15"
310,"9999","Develop","IA_Menu_Toggle_Right","Started","2024-2-22 10:29:17"
311,"9999","Develop","IA_Menu_Toggle_Right","Completed","2024-2-22 10:29:17"
312,"9999","Develop","IA_Menu_Toggle_Right","Started","2024-2-22 10:29:18"
313,"9999","Develop","IA_Menu_Toggle_Right","Completed","2024-2-22 10:29:18"
314,"9999","Develop","IA_Menu_Toggle_Right","Started","2024-2-22 11:7:17"
315,"9999","Develop","IA_Menu_Toggle_Right","Completed","2024-2-22 11:7:18"
316,"9999","Develop","IA_Menu_Toggle_Right","Started","2024-2-22 11:7:18"
317,"9999","Develop","IA_Menu_Toggle_Right","Completed","2024-2-22 11:7:18"
318,"9999","Develop","IA_Menu_Toggle_Right","Started","2024-2-22 11:7:19"
319,"9999","Develop","IA_Menu_Toggle_Right","Completed","2024-2-22 11:7:19"
320,"9999","Develop","IA_Menu_Interact_Left","Started","2024-2-22 11:7:21"
321,"9999","Develop","IA_Menu_Interact_Left","Completed","2024-2-22 11:7:21"
322,"9999","Develop","IA_Menu_Interact_Left","Started","2024-2-22 11:7:22"
323,"9999","Develop","IA_Menu_Interact_Left","Completed","2024-2-22 11:7:22"
324,"9999","Develop","IA_Menu_Interact_Left","Started","2024-2-22 11:7:28"
325,"9999","Develop","IA_Menu_Interact_Left","Completed","2024-2-22 11:7:28"
326,"9999","Develop","IA_Menu_Interact_Left","Started","2024-2-22 11:7:30"
327,"9999","Develop","IA_Menu_Interact_Left","Completed","2024-2-22 11:7:30"
328,"9999","Develop","IA_Menu_Interact_Left","Started","2024-2-22 11:7:33"
329,"9999","Develop","IA_Menu_Interact_Left","Completed","2024-2-22 11:7:33"
330,"9999","Develop","IA_Menu_Interact_Left","Started","2024-2-22 11:7:34"
331,"9999","Develop","IA_Menu_Interact_Left","Completed","2024-2-22 11:7:34"
332,"9999","Develop","IA_Menu_Toggle_Right","Started","2024-2-22 11:25:55"
333,"9999","Develop","IA_Menu_Toggle_Right","Completed","2024-2-22 11:25:55"
334,"9999","Develop","IA_Menu_Interact_Left","Started","2024-2-22 11:25:58"
335,"9999","Develop","IA_Menu_Interact_Left","Completed","2024-2-22 11:25:58"
336,"9999","Develop","IA_Menu_Interact_Left","Started","2024-2-22 11:26:9"
337,"9999","Develop","IA_Menu_Interact_Left","Completed","2024-2-22 11:26:9"
338,"9999","Develop","IA_Grab_Left","Started","2024-2-22 11:26:11"
339,"9999","Develop","IA_Grab_Left","Completed","2024-2-22 11:26:11"
340,"9999","Develop","IA_Menu_Toggle_Right","Started","2024-2-22 11:28:12"
341,"9999","Develop","IA_Menu_Toggle_Right","Completed","2024-2-22 11:28:12"
342,"9999","Develop","IA_Menu_Interact_Left","Started","2024-2-22 11:28:16"
343,"9999","Develop","IA_Menu_Interact_Left","Completed","2024-2-22 11:28:16"
344,"9999","Develop","IA_Menu_Interact_Left","Started","2024-2-22 11:28:17"
345,"9999","Develop","IA_Menu_Interact_Left","Completed","2024-2-22 11:28:17"
346,"9999","Develop","IA_Menu_Interact_Left","Started","2024-2-22 11:28:22"
347,"9999","Develop","IA_Menu_Interact_Left","Completed","2024-2-22 11:28:22"
348,"9999","Develop","IA_Menu_Interact_Left","Started","2024-2-22 11:28:24"
349,"9999","Develop","IA_Menu_Interact_Left","Completed","2024-2-22 11:28:27"
350,"9999","Develop","IA_Menu_Interact_Left","Started","2024-2-22 11:28:28"
351,"9999","Develop","IA_Menu_Interact_Left","Completed","2024-2-22 11:28:28"
352,"9999","Develop","IA_Menu_Interact_Left","Started","2024-2-22 11:28:31"
353,"9999","Develop","IA_Menu_Interact_Left","Completed","2024-2-22 11:28:31"
354,"9999","Develop","IA_Menu_Interact_Left","Started","2024-2-22 11:28:33"
355,"9999","Develop","IA_Menu_Interact_Left","Completed","2024-2-22 11:28:33"
356,"9999","Develop","IA_Menu_Interact_Left","Started","2024-2-22 11:28:35"
357,"9999","Develop","IA_Menu_Interact_Left","Completed","2024-2-22 11:28:35"
358,"9999","Develop","IA_Menu_Interact_Left","Started","2024-2-22 11:28:37"
359,"9999","Develop","IA_Menu_Interact_Left","Completed","2024-2-22 11:28:37"
360,"9999","Develop","IA_Grab_Left","Started","2024-2-22 11:28:38"
361,"9999","Develop","IA_Grab_Left","Completed","2024-2-22 11:28:38"
362,"9999","Develop","IA_Menu_Toggle_Right","Started","2024-2-22 11:35:38"
363,"9999","Develop","IA_Menu_Toggle_Right","Completed","2024-2-22 11:35:38"
364,"9999","Develop","IA_Menu_Interact_Left","Started","2024-2-22 11:35:41"
365,"9999","Develop","IA_Menu_Interact_Left","Completed","2024-2-22 11:35:41"
366,"9999","Develop","IA_Menu_Interact_Left","Started","2024-2-22 11:35:42"
367,"9999","Develop","IA_Menu_Interact_Left","Completed","2024-2-22 11:35:42"
368,"9999","Develop","IA_Menu_Toggle_Right","Started","2024-2-22 11:37:2"
369,"9999","Develop","IA_Menu_Toggle_Right","Completed","2024-2-22 11:37:2"
370,"9999","Develop","IA_Menu_Interact_Left","Started","2024-2-22 11:37:5"
371,"9999","Develop","IA_Menu_Interact_Left","Completed","2024-2-22 11:37:5"
372,"9999","Develop","IA_Menu_Toggle_Right","Started","2024-2-22 11:38:0"
373,"9999","Develop","IA_Menu_Toggle_Right","Completed","2024-2-22 11:38:0"
374,"9999","Develop","IA_Menu_Interact_Left","Started","2024-2-22 11:38:4"
375,"9999","Develop","IA_Menu_Interact_Left","Completed","2024-2-22 11:38:4"
376,"9999","Develop","IA_Grab_Left","Started","2024-2-22 11:39:22"
377,"9999","Develop","IA_Grab_Left","Completed","2024-2-22 11:39:22"
378,"9999","Develop","IA_Menu_Toggle_Right","Started","2024-2-22 11:39:22"
379,"9999","Develop","IA_Menu_Toggle_Right","Completed","2024-2-22 11:39:22"
380,"9999","Develop","IA_Menu_Interact_Left","Started","2024-2-22 11:39:26"
381,"9999","Develop","IA_Menu_Interact_Left","Completed","2024-2-22 11:39:26"
382,"9999","Develop","IA_Menu_Toggle_Right","Started","2024-2-22 11:42:35"
383,"9999","Develop","IA_Menu_Toggle_Right","Completed","2024-2-22 11:42:35"
384,"9999","Develop","IA_Menu_Interact_Left","Started","2024-2-22 11:42:37"
385,"9999","Develop","IA_Menu_Interact_Left","Completed","2024-2-22 11:42:37"
386,"9999","Develop","IA_Menu_Interact_Left","Started","2024-2-22 11:42:38"
387,"9999","Develop","IA_Menu_Interact_Left","Completed","2024-2-22 11:42:38"
388,"9999","Develop","IA_Menu_Interact_Left","Started","2024-2-22 11:42:41"
389,"9999","Develop","IA_Menu_Interact_Left","Completed","2024-2-22 11:42:41"
390,"9999","Develop","IA_Menu_Interact_Left","Started","2024-2-22 11:42:43"
391,"9999","Develop","IA_Menu_Interact_Left","Completed","2024-2-22 11:42:44"
392,"9999","Develop","IA_Menu_Interact_Left","Started","2024-2-22 11:42:46"
393,"9999","Develop","IA_Menu_Interact_Left","Completed","2024-2-22 11:42:46"
394,"9999","Develop","IA_Menu_Interact_Left","Started","2024-2-22 11:42:47"
395,"9999","Develop","IA_Menu_Interact_Left","Completed","2024-2-22 11:42:50"
396,"9999","Develop","IA_Menu_Interact_Left","Started","2024-2-22 11:42:51"
397,"9999","Develop","IA_Menu_Interact_Left","Completed","2024-2-22 11:42:51"
398,"9999","Develop","IA_Menu_Interact_Left","Started","2024-2-22 11:42:53"
399,"9999","Develop","IA_Menu_Interact_Left","Completed","2024-2-22 11:42:54"
400,"9999","Develop","IA_Menu_Interact_Left","Started","2024-2-22 11:42:55"
401,"9999","Develop","IA_Menu_Interact_Left","Completed","2024-2-22 11:42:55"
402,"9999","Develop","IA_Menu_Interact_Left","Started","2024-2-22 11:43:10"
403,"9999","Develop","IA_Menu_Interact_Left","Completed","2024-2-22 11:43:11"
404,"9999","Develop","IA_Menu_Interact_Left","Started","2024-2-22 11:43:12"
405,"9999","Develop","IA_Menu_Interact_Left","Completed","2024-2-22 11:43:12"
406,"9999","Develop","IA_Menu_Interact_Left","Started","2024-2-22 11:43:22"
407,"9999","Develop","IA_Menu_Interact_Left","Completed","2024-2-22 11:43:25"
408,"9999","Develop","IA_Menu_Interact_Left","Started","2024-2-22 11:43:26"
409,"9999","Develop","IA_Menu_Interact_Left","Completed","2024-2-22 11:43:26"
410,"9999","Develop","IA_Menu_Interact_Left","Started","2024-2-22 11:43:27"
411,"9999","Develop","IA_Menu_Interact_Left","Completed","2024-2-22 11:43:27"
412,"9999","Develop","IA_Menu_Interact_Left","Started","2024-2-22 11:43:29"
413,"9999","Develop","IA_Menu_Interact_Left","Completed","2024-2-22 11:43:29"
414,"9999","Develop","IA_Menu_Interact_Left","Started","2024-2-22 11:43:47"
415,"9999","Develop","IA_Menu_Interact_Left","Completed","2024-2-22 11:43:47"
416,"9999","Develop","IA_Menu_Toggle_Right","Started","2024-2-22 11:58:6"
417,"9999","Develop","IA_Menu_Toggle_Right","Completed","2024-2-22 11:58:7"
418,"9999","Develop","IA_Menu_Toggle_Right","Started","2024-2-22 11:58:26"
419,"9999","Develop","IA_Menu_Toggle_Right","Completed","2024-2-22 11:58:26"
420,"9999","Develop","IA_Menu_Toggle_Right","Started","2024-2-22 11:58:42"
421,"9999","Develop","IA_Menu_Toggle_Right","Completed","2024-2-22 11:58:42"
422,"9999","Develop","IA_Menu_Interact_Right","Started","2024-2-22 11:58:54"
423,"9999","Develop","IA_Menu_Interact_Right","Completed","2024-2-22 11:58:54"
424,"9999","Develop","IA_Menu_Toggle_Right","Started","2024-2-22 11:59:31"
425,"9999","Develop","IA_Menu_Toggle_Right","Completed","2024-2-22 11:59:31"
426,"9999","Develop","IA_Menu_Toggle_Right","Started","2024-2-22 12:0:42"
427,"9999","Develop","IA_Menu_Toggle_Right","Completed","2024-2-22 12:0:42"
428,"9999","Develop","IA_Menu_Toggle_Right","Started","2024-2-22 12:1:19"
429,"9999","Develop","IA_Menu_Toggle_Right","Completed","2024-2-22 12:1:19"
430,"9999","Develop","IA_Menu_Toggle_Right","Started","2024-2-22 12:1:25"
431,"9999","Develop","IA_Menu_Toggle_Right","Completed","2024-2-22 12:1:25"
432,"9999","Develop","IA_Menu_Toggle_Right","Started","2024-2-22 12:1:25"
433,"9999","Develop","IA_Menu_Toggle_Right","Completed","2024-2-22 12:1:25"
434,"9999","Develop","IA_Menu_Toggle_Right","Started","2024-2-22 12:1:42"
435,"9999","Develop","IA_Menu_Toggle_Right","Completed","2024-2-22 12:1:42"
436,"9999","Develop","IA_Menu_Toggle_Right","Started","2024-2-22 12:3:14"
437,"9999","Develop","IA_Menu_Toggle_Right","Completed","2024-2-22 12:3:15"
438,"9999","Develop","IA_Menu_Toggle_Right","Started","2024-2-22 12:6:14"
439,"9999","Develop","IA_Menu_Toggle_Right","Completed","2024-2-22 12:6:15"
440,"9999","Develop","IA_Menu_Toggle_Right","Started","2024-2-22 12:6:58"
441,"9999","Develop","IA_Menu_Toggle_Right","Completed","2024-2-22 12:6:58"
442,"9999","Develop","IA_Menu_Toggle_Right","Started","2024-2-22 12:11:14"
443,"9999","Develop","IA_Menu_Toggle_Right","Completed","2024-2-22 12:11:14"
444,"9999","Develop","IA_Menu_Toggle_Right","Started","2024-2-22 12:11:17"
445,"9999","Develop","IA_Menu_Toggle_Right","Completed","2024-2-22 12:11:17"
446,"9999","Develop","IA_Menu_Toggle_Right","Started","2024-2-22 12:11:17"
447,"9999","Develop","IA_Menu_Toggle_Right","Completed","2024-2-22 12:11:17"
448,"9999","Develop","IA_Menu_Toggle_Right","Started","2024-2-22 12:11:19"
449,"9999","Develop","IA_Menu_Toggle_Right","Completed","2024-2-22 12:11:19"
450,"9999","Develop","IA_Menu_Toggle_Right","Started","2024-2-22 12:11:19"
451,"9999","Develop","IA_Menu_Toggle_Right","Completed","2024-2-22 12:11:19"
452,"9999","Develop","IA_Menu_Toggle_Right","Started","2024-2-22 12:11:20"
453,"9999","Develop","IA_Menu_Toggle_Right","Completed","2024-2-22 12:11:21"
454,"9999","Develop","IA_Menu_Toggle_Right","Started","2024-2-22 12:11:21"
455,"9999","Develop","IA_Menu_Toggle_Right","Completed","2024-2-22 12:11:21"
456,"9999","Develop","IA_Menu_Toggle_Right","Started","2024-2-22 12:43:17"
457,"9999","Develop","IA_Menu_Toggle_Right","Completed","2024-2-22 12:43:17"
458,"9999","Develop","IA_Menu_Toggle_Right","Started","2024-2-22 12:46:6"
459,"9999","Develop","IA_Menu_Toggle_Right","Completed","2024-2-22 12:46:7"
460,"9999","Develop","IA_Menu_Toggle_Right","Started","2024-2-22 12:48:28"
461,"9999","Develop","IA_Menu_Toggle_Right","Completed","2024-2-22 12:48:28"
462,"9999","Develop","IA_Menu_Toggle_Right","Started","2024-2-22 12:48:31"
463,"9999","Develop","IA_Menu_Toggle_Right","Completed","2024-2-22 12:48:31"
464,"9999","Develop","IA_Menu_Toggle_Right","Started","2024-2-22 12:48:31"
465,"9999","Develop","IA_Menu_Toggle_Right","Completed","2024-2-22 12:48:31"
466,"9999","Develop","IA_Menu_Toggle_Right","Started","2024-2-22 12:48:33"
467,"9999","Develop","IA_Menu_Toggle_Right","Completed","2024-2-22 12:48:33"
468,"9999","Develop","IA_Menu_Toggle_Right","Started","2024-2-22 12:48:33"
469,"9999","Develop","IA_Menu_Toggle_Right","Completed","2024-2-22 12:48:33"
470,"9999","Develop","IA_Menu_Toggle_Right","Started","2024-2-22 12:50:15"
471,"9999","Develop","IA_Menu_Toggle_Right","Completed","2024-2-22 12:50:15"
472,"9999","Develop","IA_Menu_Toggle_Right","Started","2024-2-22 12:51:1"
473,"9999","Develop","IA_Menu_Toggle_Right","Completed","2024-2-22 12:51:1"
474,"9999","Develop","IA_Menu_Toggle_Right","Started","2024-2-22 12:51:25"
475,"9999","Develop","IA_Menu_Toggle_Right","Completed","2024-2-22 12:51:26"
476,"9999","Develop","IA_Menu_Toggle_Right","Started","2024-2-22 12:53:43"
477,"9999","Develop","IA_Menu_Toggle_Right","Completed","2024-2-22 12:53:43"
478,"9999","Develop","IA_Menu_Toggle_Right","Started","2024-2-22 12:54:18"
479,"9999","Develop","IA_Menu_Toggle_Right","Completed","2024-2-22 12:54:18"
480,"9999","Develop","IA_Menu_Toggle_Right","Started","2024-2-22 12:55:3"
481,"9999","Develop","IA_Menu_Toggle_Right","Completed","2024-2-22 12:55:3"
482,"9999","Develop","IA_Menu_Toggle_Right","Started","2024-2-22 12:55:23"
483,"9999","Develop","IA_Menu_Toggle_Right","Completed","2024-2-22 12:55:23"
484,"9999","Develop","IA_Menu_Toggle_Right","Started","2024-2-22 12:59:34"
485,"9999","Develop","IA_Menu_Toggle_Right","Completed","2024-2-22 12:59:34"
486,"9999","Develop","IA_Menu_Toggle_Right","Started","2024-2-22 13:0:4"
487,"9999","Develop","IA_Menu_Toggle_Right","Completed","2024-2-22 13:0:4"
488,"9999","Develop","IA_Menu_Toggle_Right","Started","2024-2-22 13:2:12"
489,"9999","Develop","IA_Menu_Toggle_Right","Completed","2024-2-22 13:2:12"
490,"9999","Develop","IA_Menu_Toggle_Right","Started","2024-2-22 13:2:13"
491,"9999","Develop","IA_Menu_Toggle_Right","Completed","2024-2-22 13:2:13"
492,"9999","Develop","IA_Menu_Toggle_Right","Started","2024-2-22 13:2:14"
493,"9999","Develop","IA_Menu_Toggle_Right","Completed","2024-2-22 13:2:14"
494,"9999","Develop","IA_Menu_Toggle_Right","Started","2024-2-22 13:2:17"
495,"9999","Develop","IA_Menu_Toggle_Right","Completed","2024-2-22 13:2:17"
496,"9999","Develop","IA_Menu_Toggle_Right","Started","2024-2-22 13:2:17"
497,"9999","Develop","IA_Menu_Toggle_Right","Completed","2024-2-22 13:2:18"
498,"9999","Develop","IA_Menu_Toggle_Right","Started","2024-2-22 13:2:26"
499,"9999","Develop","IA_Menu_Toggle_Right","Completed","2024-2-22 13:2:26"
500,"9999","Develop","IA_Menu_Toggle_Right","Started","2024-2-22 13:2:27"
501,"9999","Develop","IA_Menu_Toggle_Right","Completed","2024-2-22 13:2:27"
502,"9999","Develop","IA_Menu_Toggle_Right","Started","2024-2-22 13:4:25"
503,"9999","Develop","IA_Menu_Toggle_Right","Completed","2024-2-22 13:4:25"
504,"9999","Develop","IA_Menu_Toggle_Right","Started","2024-2-22 13:5:12"
505,"9999","Develop","IA_Menu_Toggle_Right","Completed","2024-2-22 13:5:12"
506,"9999","Develop","IA_Menu_Toggle_Right","Started","2024-2-22 13:6:5"
507,"9999","Develop","IA_Menu_Toggle_Right","Completed","2024-2-22 13:6:5"
508,"9999","Develop","IA_Menu_Toggle_Right","Started","2024-2-22 13:11:46"
509,"9999","Develop","IA_Menu_Toggle_Right","Completed","2024-2-22 13:11:46"
510,"9999","Develop","IA_Menu_Toggle_Right","Started","2024-2-22 14:29:19"
511,"9999","Develop","IA_Menu_Toggle_Right","Completed","2024-2-22 14:29:19"
512,"9999","Develop","IA_Grab_Left","Started","2024-2-22 14:29:22"
513,"9999","Develop","IA_Grab_Left","Completed","2024-2-22 14:29:22"
514,"9999","Develop","IA_Menu_Toggle_Right","Started","2024-2-22 14:41:49"
515,"9999","Develop","IA_Menu_Toggle_Right","Completed","2024-2-22 14:41:49"
516,"9999","Develop","IA_Menu_Toggle_Right","Started","2024-2-22 14:43:0"
517,"9999","Develop","IA_Menu_Toggle_Right","Completed","2024-2-22 14:43:0"
518,"9999","Develop","IA_Menu_Toggle_Right","Started","2024-2-22 14:43:17"
519,"9999","Develop","IA_Menu_Toggle_Right","Completed","2024-2-22 14:43:17"
520,"9999","Develop","IA_Menu_Toggle_Right","Started","2024-2-22 14:43:55"
521,"9999","Develop","IA_Menu_Toggle_Right","Completed","2024-2-22 14:43:55"
522,"9999","Develop","IA_Menu_Toggle_Right","Started","2024-2-22 14:43:59"
523,"9999","Develop","IA_Menu_Toggle_Right","Completed","2024-2-22 14:43:59"
524,"9999","Develop","IA_Menu_Toggle_Right","Started","2024-2-22 14:44:0"
525,"9999","Develop","IA_Menu_Toggle_Right","Completed","2024-2-22 14:44:0"
526,"9999","Develop","IA_Menu_Toggle_Right","Started","2024-2-22 14:44:1"
527,"9999","Develop","IA_Menu_Toggle_Right","Completed","2024-2-22 14:44:1"
528,"9999","Develop","IA_Menu_Toggle_Right","Started","2024-2-22 14:44:1"
529,"9999","Develop","IA_Menu_Toggle_Right","Completed","2024-2-22 14:44:1"
530,"9999","Develop","IA_Menu_Toggle_Right","Started","2024-2-22 14:44:2"
531,"9999","Develop","IA_Menu_Toggle_Right","Completed","2024-2-22 14:44:2"
532,"9999","Develop","IA_Menu_Toggle_Right","Started","2024-2-22 14:44:2"
533,"9999","Develop","IA_Menu_Toggle_Right","Completed","2024-2-22 14:44:2"
534,"9999","Develop","IA_Menu_Toggle_Right","Started","2024-2-22 14:44:43"
535,"9999","Develop","IA_Menu_Toggle_Right","Completed","2024-2-22 14:44:43"
536,"9999","Develop","IA_Menu_Toggle_Right","Started","2024-2-22 14:49:21"
537,"9999","Develop","IA_Menu_Toggle_Right","Completed","2024-2-22 14:49:21"
538,"9999","Develop","IA_Menu_Toggle_Right","Started","2024-2-22 14:51:20"
539,"9999","Develop","IA_Menu_Toggle_Right","Completed","2024-2-22 14:51:20"
540,"9999","Develop","IA_Menu_Toggle_Right","Started","2024-2-22 14:51:21"
541,"9999","Develop","IA_Menu_Toggle_Right","Completed","2024-2-22 14:51:21"
542,"9999","Develop","IA_Menu_Toggle_Right","Started","2024-2-22 14:51:22"
543,"9999","Develop","IA_Menu_Toggle_Right","Completed","2024-2-22 14:51:22"
544,"9999","Develop","IA_Menu_Toggle_Right","Started","2024-2-22 14:52:5"
545,"9999","Develop","IA_Menu_Toggle_Right","Completed","2024-2-22 14:52:5"
546,"9999","Develop","IA_Menu_Toggle_Right","Started","2024-2-22 14:52:31"
547,"9999","Develop","IA_Menu_Toggle_Right","Completed","2024-2-22 14:52:31"
548,"9999","Develop","IA_Menu_Toggle_Right","Started","2024-2-22 14:52:37"
549,"9999","Develop","IA_Menu_Toggle_Right","Completed","2024-2-22 14:52:38"
550,"9999","Develop","IA_Menu_Toggle_Right","Started","2024-2-22 14:53:32"
551,"9999","Develop","IA_Menu_Toggle_Right","Completed","2024-2-22 14:53:32"
552,"9999","Develop","IA_Menu_Toggle_Right","Started","2024-2-22 14:55:20"
553,"9999","Develop","IA_Menu_Toggle_Right","Completed","2024-2-22 14:55:20"
554,"9999","Develop","IA_Menu_Toggle_Right","Started","2024-2-22 14:56:10"
555,"9999","Develop","IA_Menu_Toggle_Right","Completed","2024-2-22 14:56:10"
556,"9999","Develop","IA_Menu_Toggle_Right","Started","2024-2-22 14:56:47"
557,"9999","Develop","IA_Menu_Toggle_Right","Completed","2024-2-22 14:56:47"
558,"9999","Develop","IA_Menu_Toggle_Right","Started","2024-2-22 14:56:47"
559,"9999","Develop","IA_Menu_Toggle_Right","Completed","2024-2-22 14:56:47"
560,"9999","Develop","IA_Menu_Toggle_Right","Started","2024-2-22 14:56:50"
561,"9999","Develop","IA_Menu_Toggle_Right","Completed","2024-2-22 14:56:50"
562,"9999","Develop","IA_Menu_Toggle_Right","Started","2024-2-22 14:57:12"
563,"9999","Develop","IA_Menu_Toggle_Right","Completed","2024-2-22 14:57:13"
564,"9999","Develop","IA_Menu_Toggle_Right","Started","2024-2-22 14:58:35"
565,"9999","Develop","IA_Menu_Toggle_Right","Completed","2024-2-22 14:58:35"
566,"9999","Develop","IA_Menu_Toggle_Right","Started","2024-2-22 14:59:27"
567,"9999","Develop","IA_Menu_Toggle_Right","Completed","2024-2-22 14:59:27"
568,"9999","Develop","IA_Menu_Toggle_Right","Started","2024-2-22 15:0:2"
569,"9999","Develop","IA_Menu_Toggle_Right","Completed","2024-2-22 15:0:2"
570,"9999","Develop","IA_Menu_Toggle_Right","Started","2024-2-22 15:24:50"
571,"9999","Develop","IA_Menu_Toggle_Right","Completed","2024-2-22 15:24:50"
572,"9999","Develop","IA_Menu_Toggle_Right","Started","2024-2-22 15:54:19"
573,"9999","Develop","IA_Menu_Toggle_Right","Completed","2024-2-22 15:54:19"
574,"9999","Develop","IA_Menu_Toggle_Right","Started","2024-2-22 15:59:29"
575,"9999","Develop","IA_Menu_Toggle_Right","Completed","2024-2-22 15:59:29"
576,"9999","Develop","IA_Menu_Toggle_Right","Started","2024-2-22 15:59:52"
577,"9999","Develop","IA_Menu_Toggle_Right","Completed","2024-2-22 15:59:52"
578,"9999","Develop","IA_Menu_Toggle_Right","Started","2024-2-22 16:0:19"
579,"9999","Develop","IA_Menu_Toggle_Right","Completed","2024-2-22 16:0:19"
580,"9999","Develop","IA_Menu_Toggle_Right","Started","2024-2-22 16:2:21"
581,"9999","Develop","IA_Menu_Toggle_Right","Completed","2024-2-22 16:2:22"
582,"9999","Develop","IA_Menu_Toggle_Right","Started","2024-2-22 16:3:38"
583,"9999","Develop","IA_Menu_Toggle_Right","Completed","2024-2-22 16:3:38"
584,"9999","Develop","IA_Menu_Toggle_Right","Started","2024-2-22 16:13:47"
585,"9999","Develop","IA_Menu_Toggle_Right","Completed","2024-2-22 16:13:47"
586,"9999","Develop","IA_Menu_Toggle_Right","Started","2024-2-22 16:14:23"
587,"9999","Develop","IA_Menu_Toggle_Right","Completed","2024-2-22 16:14:23"
588,"9999","Develop","IA_Menu_Toggle_Right","Started","2024-2-22 16:14:26"
589,"9999","Develop","IA_Menu_Toggle_Right","Completed","2024-2-22 16:14:26"
590,"9999","Develop","IA_Menu_Toggle_Right","Started","2024-2-22 16:14:26"
591,"9999","Develop","IA_Menu_Toggle_Right","Completed","2024-2-22 16:14:26"
592,"9999","Develop","IA_Menu_Toggle_Right","Started","2024-2-22 16:14:49"
593,"9999","Develop","IA_Menu_Toggle_Right","Completed","2024-2-22 16:14:49"
594,"9999","Develop","IA_Menu_Toggle_Right","Started","2024-2-22 16:21:28"
595,"9999","Develop","IA_Menu_Toggle_Right","Completed","2024-2-22 16:21:28"
596,"9999","Develop","IA_Menu_Toggle_Right","Started","2024-2-22 16:22:20"
597,"9999","Develop","IA_Menu_Toggle_Right","Completed","2024-2-22 16:22:20"
598,"9999","Develop","IA_Menu_Toggle_Right","Started","2024-2-22 16:23:21"
599,"9999","Develop","IA_Menu_Toggle_Right","Completed","2024-2-22 16:23:21"
600,"9999","Develop","IA_Menu_Toggle_Right","Started","2024-2-22 16:23:28"
601,"9999","Develop","IA_Menu_Toggle_Right","Completed","2024-2-22 16:23:28"
602,"9999","Develop","IA_Menu_Toggle_Right","Started","2024-2-22 16:23:28"
603,"9999","Develop","IA_Menu_Toggle_Right","Completed","2024-2-22 16:23:28"
604,"9999","Develop","IA_Move_Right","Started","2024-2-22 16:23:30"
605,"9999","Develop","IA_Move_Right","Completed","2024-2-22 16:23:31"
606,"9999","Develop","IA_Move_Right","Started","2024-2-22 16:23:32"
607,"9999","Develop","IA_Move_Right","Completed","2024-2-22 16:23:32"
608,"9999","Develop","IA_Move_Right","Started","2024-2-22 16:23:32"
609,"9999","Develop","IA_Move_Right","Completed","2024-2-22 16:23:33"
610,"9999","Develop","IA_Grab_Right","Started","2024-2-22 16:23:34"
611,"9999","Develop","IA_Grab_Right","Completed","2024-2-22 16:23:35"
612,"9999","Develop","IA_Move_Right","Started","2024-2-22 16:23:38"
613,"9999","Develop","IA_Move_Right","Completed","2024-2-22 16:23:38"
614,"9999","Develop","IA_Grab_Right","Started","2024-2-22 16:23:39"
615,"9999","Develop","IA_Grab_Right","Completed","2024-2-22 16:23:41"
616,"9999","Develop","IA_Menu_Interact_Right","Started","2024-2-22 16:23:43"
617,"9999","Develop","IA_Menu_Interact_Right","Completed","2024-2-22 16:23:43"
618,"9999","Develop","IA_Menu_Interact_Right","Started","2024-2-22 16:23:46"
619,"9999","Develop","IA_Menu_Interact_Right","Completed","2024-2-22 16:23:46"
620,"9999","Develop","IA_Menu_Toggle_Right","Started","2024-2-27 10:11:34"
621,"9999","Develop","IA_Menu_Toggle_Right","Completed","2024-2-27 10:11:34"
622,"9999","Develop","IA_Menu_Toggle_Right","Started","2024-2-27 10:11:35"
623,"9999","Develop","IA_Menu_Toggle_Right","Completed","2024-2-27 10:11:35"
624,"9999","Develop","IA_Menu_Toggle_Right","Started","2024-2-27 10:11:36"
625,"9999","Develop","IA_Menu_Toggle_Right","Completed","2024-2-27 10:11:36"
626,"9999","Develop","IA_Menu_Toggle_Right","Started","2024-2-27 10:11:36"
627,"9999","Develop","IA_Menu_Toggle_Right","Completed","2024-2-27 10:11:37"
628,"9999","Develop","IA_Menu_Toggle_Right","Started","2024-2-27 10:11:37"
629,"9999","Develop","IA_Menu_Toggle_Right","Completed","2024-2-27 10:11:37"
630,"9999","Develop","IA_Menu_Toggle_Right","Started","2024-2-27 10:12:53"
631,"9999","Develop","IA_Menu_Toggle_Right","Completed","2024-2-27 10:12:53"
632,"9999","Develop","IA_Menu_Toggle_Right","Started","2024-2-27 10:14:0"
633,"9999","Develop","IA_Menu_Toggle_Right","Completed","2024-2-27 10:14:0"
634,"9999","Develop","IA_Menu_Toggle_Right","Started","2024-2-27 10:14:20"
635,"9999","Develop","IA_Menu_Toggle_Right","Completed","2024-2-27 10:14:21"
636,"9999","Develop","IA_Menu_Toggle_Right","Started","2024-2-27 10:32:52"
637,"9999","Develop","IA_Menu_Toggle_Right","Completed","2024-2-27 10:32:52"
638,"9999","Develop","IA_Menu_Toggle_Right","Started","2024-2-27 10:32:55"
639,"9999","Develop","IA_Menu_Toggle_Right","Completed","2024-2-27 10:32:55"
640,"9999","Develop","IA_Menu_Toggle_Right","Started","2024-2-27 10:32:56"
641,"9999","Develop","IA_Menu_Toggle_Right","Completed","2024-2-27 10:32:56"
642,"9999","Develop","IA_Menu_Toggle_Right","Started","2024-2-27 10:32:57"
643,"9999","Develop","IA_Menu_Toggle_Right","Completed","2024-2-27 10:32:57"
644,"9999","Develop","IA_Menu_Toggle_Right","Started","2024-2-27 10:32:58"
645,"9999","Develop","IA_Menu_Toggle_Right","Completed","2024-2-27 10:32:58"
646,"9999","Develop","IA_Menu_Toggle_Right","Started","2024-2-27 10:33:1"
647,"9999","Develop","IA_Menu_Toggle_Right","Completed","2024-2-27 10:33:1"
648,"9999","Develop","IA_Menu_Toggle_Right","Started","2024-2-27 10:33:3"
649,"9999","Develop","IA_Menu_Toggle_Right","Completed","2024-2-27 10:33:3"
650,"9999","Develop","IA_Menu_Toggle_Right","Started","2024-2-27 10:33:6"
651,"9999","Develop","IA_Menu_Toggle_Right","Completed","2024-2-27 10:33:7"
652,"9999","Develop","IA_Menu_Toggle_Right","Started","2024-2-27 10:33:7"
653,"9999","Develop","IA_Menu_Toggle_Right","Completed","2024-2-27 10:33:7"
654,"9999","Develop","IA_Menu_Toggle_Right","Started","2024-2-27 10:33:9"
655,"9999","Develop","IA_Menu_Toggle_Right","Completed","2024-2-27 10:33:9"
656,"9999","Develop","IA_Menu_Toggle_Right","Started","2024-2-27 10:33:10"
657,"9999","Develop","IA_Menu_Toggle_Right","Completed","2024-2-27 10:33:10"
658,"9999","Develop","IA_Menu_Toggle_Right","Started","2024-2-27 10:33:43"
659,"9999","Develop","IA_Menu_Toggle_Right","Completed","2024-2-27 10:33:43"
660,"9999","Develop","IA_Menu_Toggle_Right","Started","2024-2-27 10:33:47"
661,"9999","Develop","IA_Menu_Toggle_Right","Completed","2024-2-27 10:33:47"
662,"9999","Develop","IA_Menu_Toggle_Right","Started","2024-2-27 10:33:48"
663,"9999","Develop","IA_Menu_Toggle_Right","Completed","2024-2-27 10:33:48"
664,"9999","Develop","IA_Menu_Toggle_Right","Started","2024-2-27 10:33:49"
665,"9999","Develop","IA_Menu_Toggle_Right","Completed","2024-2-27 10:33:49"
666,"9999","Develop","IA_Menu_Toggle_Right","Started","2024-2-27 10:33:49"
667,"9999","Develop","IA_Menu_Toggle_Right","Completed","2024-2-27 10:33:49"
668,"9999","Develop","IA_Menu_Toggle_Right","Started","2024-2-27 10:34:32"
669,"9999","Develop","IA_Menu_Toggle_Right","Completed","2024-2-27 10:34:32"
670,"9999","Develop","IA_Menu_Toggle_Right","Started","2024-2-27 10:34:34"
671,"9999","Develop","IA_Menu_Toggle_Right","Completed","2024-2-27 10:34:34"
672,"9999","Develop","IA_Menu_Toggle_Right","Started","2024-2-27 10:34:36"
673,"9999","Develop","IA_Menu_Toggle_Right","Completed","2024-2-27 10:34:36"
674,"9999","Develop","IA_Menu_Toggle_Right","Started","2024-2-27 10:34:38"
675,"9999","Develop","IA_Menu_Toggle_Right","Completed","2024-2-27 10:34:38"
676,"9999","Develop","IA_Menu_Toggle_Right","Started","2024-2-27 10:34:39"
677,"9999","Develop","IA_Menu_Toggle_Right","Completed","2024-2-27 10:34:39"
678,"9999","Develop","IA_Menu_Toggle_Right","Started","2024-2-27 10:34:41"
679,"9999","Develop","IA_Menu_Toggle_Right","Completed","2024-2-27 10:34:41"
680,"9999","Develop","IA_Menu_Toggle_Right","Started","2024-2-27 10:34:41"
681,"9999","Develop","IA_Menu_Toggle_Right","Completed","2024-2-27 10:34:41"
682,"9999","Develop","IA_Menu_Toggle_Right","Started","2024-2-27 10:34:43"
683,"9999","Develop","IA_Menu_Toggle_Right","Completed","2024-2-27 10:34:43"
684,"9999","Develop","IA_Menu_Toggle_Right","Started","2024-2-27 10:34:44"
685,"9999","Develop","IA_Menu_Toggle_Right","Completed","2024-2-27 10:34:44"
686,"9999","Develop","IA_Menu_Toggle_Right","Started","2024-2-27 10:34:45"
687,"9999","Develop","IA_Menu_Toggle_Right","Completed","2024-2-27 10:34:46"
688,"9999","Develop","IA_Menu_Toggle_Right","Started","2024-2-27 10:34:46"
689,"9999","Develop","IA_Menu_Toggle_Right","Completed","2024-2-27 10:34:46"
690,"9999","Develop","IA_Menu_Toggle_Right","Started","2024-2-27 10:38:37"
691,"9999","Develop","IA_Menu_Toggle_Right","Completed","2024-2-27 10:38:37"
692,"9999","Develop","IA_Menu_Toggle_Right","Started","2024-2-27 10:38:40"
693,"9999","Develop","IA_Menu_Toggle_Right","Completed","2024-2-27 10:38:40"
694,"9999","Develop","IA_Menu_Toggle_Right","Started","2024-2-27 10:38:42"
695,"9999","Develop","IA_Menu_Toggle_Right","Completed","2024-2-27 10:38:42"
696,"9999","Develop","IA_Menu_Toggle_Right","Started","2024-2-27 10:38:45"
697,"9999","Develop","IA_Menu_Toggle_Right","Completed","2024-2-27 10:38:45"
698,"9999","Develop","IA_Menu_Toggle_Right","Started","2024-2-27 10:38:47"
699,"9999","Develop","IA_Menu_Toggle_Right","Completed","2024-2-27 10:38:47"
700,"9999","Develop","IA_Menu_Toggle_Right","Started","2024-2-27 10:38:49"
701,"9999","Develop","IA_Menu_Toggle_Right","Completed","2024-2-27 10:38:49"
702,"9999","Develop","IA_Menu_Toggle_Right","Started","2024-2-27 10:38:49"
703,"9999","Develop","IA_Menu_Toggle_Right","Completed","2024-2-27 10:38:49"
704,"9999","Develop","IA_Menu_Toggle_Right","Started","2024-2-27 10:38:50"
705,"9999","Develop","IA_Menu_Toggle_Right","Completed","2024-2-27 10:38:50"
706,"9999","Develop","IA_Menu_Toggle_Right","Started","2024-2-27 10:38:50"
707,"9999","Develop","IA_Menu_Toggle_Right","Completed","2024-2-27 10:38:50"
708,"9999","Develop","IA_Menu_Toggle_Right","Started","2024-2-27 10:38:51"
709,"9999","Develop","IA_Menu_Toggle_Right","Completed","2024-2-27 10:38:51"
710,"9999","Develop","IA_Menu_Toggle_Right","Started","2024-2-27 10:38:51"
711,"9999","Develop","IA_Menu_Toggle_Right","Completed","2024-2-27 10:38:51"
712,"9999","Develop","IA_Menu_Toggle_Right","Started","2024-2-27 10:38:51"
713,"9999","Develop","IA_Menu_Toggle_Right","Completed","2024-2-27 10:38:51"
714,"9999","Develop","IA_Menu_Toggle_Right","Started","2024-2-27 10:38:51"
715,"9999","Develop","IA_Menu_Toggle_Right","Completed","2024-2-27 10:38:51"
716,"9999","Develop","IA_Menu_Toggle_Right","Started","2024-2-27 10:38:51"
717,"9999","Develop","IA_Menu_Toggle_Right","Completed","2024-2-27 10:38:51"
718,"9999","Develop","IA_Menu_Toggle_Right","Started","2024-2-27 10:38:52"
719,"9999","Develop","IA_Menu_Toggle_Right","Completed","2024-2-27 10:38:52"
720,"9999","Develop","IA_Menu_Toggle_Right","Started","2024-2-27 10:42:36"
721,"9999","Develop","IA_Menu_Toggle_Right","Completed","2024-2-27 10:42:36"
722,"9999","Develop","IA_Menu_Toggle_Right","Started","2024-2-27 10:42:37"
723,"9999","Develop","IA_Menu_Toggle_Right","Completed","2024-2-27 10:42:37"
724,"9999","Develop","IA_Menu_Toggle_Right","Started","2024-2-27 10:42:40"
725,"9999","Develop","IA_Menu_Toggle_Right","Completed","2024-2-27 10:42:40"
726,"9999","Develop","IA_Menu_Toggle_Right","Started","2024-2-27 10:42:41"
727,"9999","Develop","IA_Menu_Toggle_Right","Completed","2024-2-27 10:42:41"
728,"9999","Develop","IA_Menu_Toggle_Right","Started","2024-2-27 10:43:31"
729,"9999","Develop","IA_Menu_Toggle_Right","Completed","2024-2-27 10:43:31"
730,"9999","Develop","IA_Menu_Toggle_Right","Started","2024-2-27 10:43:33"
731,"9999","Develop","IA_Menu_Toggle_Right","Completed","2024-2-27 10:43:33"
732,"9999","Develop","IA_Menu_Toggle_Right","Started","2024-2-27 10:43:34"
733,"9999","Develop","IA_Menu_Toggle_Right","Completed","2024-2-27 10:43:35"
734,"9999","Develop","IA_Menu_Toggle_Right","Started","2024-2-27 10:43:35"
735,"9999","Develop","IA_Menu_Toggle_Right","Completed","2024-2-27 10:43:35"
736,"9999","Develop","IA_Menu_Toggle_Right","Started","2024-2-27 10:43:36"
737,"9999","Develop","IA_Menu_Toggle_Right","Completed","2024-2-27 10:43:36"
738,"9999","Develop","IA_Menu_Toggle_Right","Started","2024-2-27 10:43:36"
739,"9999","Develop","IA_Menu_Toggle_Right","Completed","2024-2-27 10:43:36"
740,"9999","Develop","IA_Menu_Toggle_Right","Started","2024-2-27 10:43:36"
741,"9999","Develop","IA_Menu_Toggle_Right","Completed","2024-2-27 10:43:36"
742,"9999","Develop","IA_Menu_Toggle_Right","Started","2024-2-27 10:43:36"
743,"9999","Develop","IA_Menu_Toggle_Right","Completed","2024-2-27 10:43:36"
744,"9999","Develop","IA_Menu_Toggle_Right","Started","2024-2-27 10:43:36"
745,"9999","Develop","IA_Menu_Toggle_Right","Completed","2024-2-27 10:43:37"
746,"9999","Develop","IA_Menu_Toggle_Right","Started","2024-2-27 10:43:39"
747,"9999","Develop","IA_Menu_Toggle_Right","Completed","2024-2-27 10:43:39"
748,"9999","Develop","IA_Menu_Toggle_Right","Started","2024-2-27 10:44:39"
749,"9999","Develop","IA_Menu_Toggle_Right","Completed","2024-2-27 10:44:39"
750,"9999","Develop","IA_Menu_Toggle_Right","Started","2024-2-27 10:44:40"
751,"9999","Develop","IA_Menu_Toggle_Right","Completed","2024-2-27 10:44:41"
752,"9999","Develop","IA_Menu_Toggle_Right","Started","2024-2-27 10:44:42"
753,"9999","Develop","IA_Menu_Toggle_Right","Completed","2024-2-27 10:44:42"
754,"9999","Develop","IA_Menu_Toggle_Right","Started","2024-2-27 10:44:43"
755,"9999","Develop","IA_Menu_Toggle_Right","Completed","2024-2-27 10:44:43"
756,"9999","Develop","IA_Menu_Toggle_Right","Started","2024-2-27 10:44:44"
757,"9999","Develop","IA_Menu_Toggle_Right","Completed","2024-2-27 10:44:44"
758,"9999","Develop","IA_Menu_Toggle_Right","Started","2024-2-27 10:44:44"
759,"9999","Develop","IA_Menu_Toggle_Right","Completed","2024-2-27 10:44:44"
760,"9999","Develop","IA_Menu_Toggle_Right","Started","2024-2-27 10:44:44"
761,"9999","Develop","IA_Menu_Toggle_Right","Completed","2024-2-27 10:44:45"
762,"9999","Develop","IA_Menu_Toggle_Right","Started","2024-2-27 10:44:45"
763,"9999","Develop","IA_Menu_Toggle_Right","Completed","2024-2-27 10:44:45"
764,"9999","Develop","IA_Menu_Toggle_Right","Started","2024-2-27 10:44:45"
765,"9999","Develop","IA_Menu_Toggle_Right","Completed","2024-2-27 10:44:45"
766,"9999","Develop","IA_Menu_Toggle_Right","Started","2024-2-27 10:44:45"
767,"9999","Develop","IA_Menu_Toggle_Right","Completed","2024-2-27 10:44:45"
768,"9999","Develop","IA_Menu_Toggle_Right","Started","2024-2-27 10:44:45"
769,"9999","Develop","IA_Menu_Toggle_Right","Completed","2024-2-27 10:44:45"
770,"9999","Develop","IA_Menu_Toggle_Right","Started","2024-2-27 10:44:45"
771,"9999","Develop","IA_Menu_Toggle_Right","Completed","2024-2-27 10:44:45"
772,"9999","Develop","IA_Menu_Toggle_Right","Started","2024-2-27 10:44:45"
773,"9999","Develop","IA_Menu_Toggle_Right","Completed","2024-2-27 10:44:45"
774,"9999","Develop","IA_Menu_Toggle_Right","Started","2024-2-27 10:44:45"
775,"9999","Develop","IA_Menu_Toggle_Right","Completed","2024-2-27 10:44:46"
776,"9999","Develop","IA_Menu_Toggle_Right","Started","2024-2-27 10:44:46"
777,"9999","Develop","IA_Menu_Toggle_Right","Completed","2024-2-27 10:44:46"
778,"9999","Develop","IA_Menu_Toggle_Right","Started","2024-2-27 10:44:46"
779,"9999","Develop","IA_Menu_Toggle_Right","Completed","2024-2-27 10:44:46"
780,"9999","Develop","IA_Menu_Toggle_Right","Started","2024-2-27 10:44:46"
781,"9999","Develop","IA_Menu_Toggle_Right","Completed","2024-2-27 10:44:46"
782,"9999","Develop","IA_Menu_Toggle_Right","Started","2024-2-27 10:44:46"
783,"9999","Develop","IA_Menu_Toggle_Right","Completed","2024-2-27 10:44:46"
784,"9999","Develop","IA_Menu_Toggle_Right","Started","2024-2-27 10:44:49"
785,"9999","Develop","IA_Menu_Toggle_Right","Completed","2024-2-27 10:44:49"
786,"9999","Develop","IA_Menu_Toggle_Right","Started","2024-2-27 10:44:51"
787,"9999","Develop","IA_Menu_Toggle_Right","Completed","2024-2-27 10:44:51"
788,"9999","Develop","IA_Menu_Toggle_Right","Started","2024-2-27 10:44:52"
789,"9999","Develop","IA_Menu_Toggle_Right","Completed","2024-2-27 10:44:53"
790,"9999","Develop","IA_Menu_Toggle_Right","Started","2024-2-27 10:44:54"
791,"9999","Develop","IA_Menu_Toggle_Right","Completed","2024-2-27 10:44:54"
792,"9999","Develop","IA_Menu_Toggle_Right","Started","2024-2-27 10:44:56"
793,"9999","Develop","IA_Menu_Toggle_Right","Completed","2024-2-27 10:44:56"
794,"9999","Develop","IA_Menu_Toggle_Right","Started","2024-2-27 10:44:58"
795,"9999","Develop","IA_Menu_Toggle_Right","Completed","2024-2-27 10:44:58"
796,"9999","Develop","IA_Menu_Toggle_Right","Started","2024-2-27 10:44:59"
797,"9999","Develop","IA_Menu_Toggle_Right","Completed","2024-2-27 10:44:59"
798,"9999","Develop","IA_Menu_Toggle_Right","Started","2024-2-27 10:45:1"
799,"9999","Develop","IA_Menu_Toggle_Right","Completed","2024-2-27 10:45:1"
800,"9999","Develop","IA_Menu_Toggle_Right","Started","2024-2-27 10:45:2"
801,"9999","Develop","IA_Menu_Toggle_Right","Completed","2024-2-27 10:45:2"
802,"9999","Develop","IA_Menu_Toggle_Right","Started","2024-2-27 10:45:5"
803,"9999","Develop","IA_Menu_Toggle_Right","Completed","2024-2-27 10:45:6"
804,"9999","Develop","IA_Menu_Toggle_Right","Started","2024-2-27 10:51:54"
805,"9999","Develop","IA_Menu_Toggle_Right","Completed","2024-2-27 10:51:54"
806,"9999","Develop","IA_Menu_Toggle_Right","Started","2024-2-27 10:51:56"
807,"9999","Develop","IA_Menu_Toggle_Right","Completed","2024-2-27 10:51:56"
808,"9999","Develop","IA_Menu_Toggle_Right","Started","2024-2-27 10:51:56"
809,"9999","Develop","IA_Menu_Toggle_Right","Completed","2024-2-27 10:51:56"
810,"9999","Develop","IA_Menu_Toggle_Right","Started","2024-2-27 10:51:58"
811,"9999","Develop","IA_Menu_Toggle_Right","Completed","2024-2-27 10:51:58"
812,"9999","Develop","IA_Menu_Toggle_Right","Started","2024-2-27 10:52:0"
813,"9999","Develop","IA_Menu_Toggle_Right","Completed","2024-2-27 10:52:1"
814,"9999","Develop","IA_Menu_Toggle_Right","Started","2024-2-27 10:52:3"
815,"9999","Develop","IA_Menu_Toggle_Right","Completed","2024-2-27 10:52:3"
816,"9999","Develop","IA_Menu_Toggle_Right","Started","2024-2-27 10:52:5"
817,"9999","Develop","IA_Menu_Toggle_Right","Completed","2024-2-27 10:52:5"
818,"9999","Develop","IA_Menu_Toggle_Right","Started","2024-2-27 10:52:7"
819,"9999","Develop","IA_Menu_Toggle_Right","Completed","2024-2-27 10:52:7"
820,"9999","Develop","IA_Menu_Toggle_Right","Started","2024-2-27 10:52:9"
821,"9999","Develop","IA_Menu_Toggle_Right","Completed","2024-2-27 10:52:9"
822,"9999","Develop","IA_Menu_Toggle_Right","Started","2024-2-27 10:52:11"
823,"9999","Develop","IA_Menu_Toggle_Right","Completed","2024-2-27 10:52:11"
824,"9999","Develop","IA_Menu_Toggle_Right","Started","2024-2-27 11:12:39"
825,"9999","Develop","IA_Menu_Toggle_Right","Completed","2024-2-27 11:12:39"
826,"9999","Develop","IA_Menu_Toggle_Right","Started","2024-2-27 11:12:40"
827,"9999","Develop","IA_Menu_Toggle_Right","Completed","2024-2-27 11:12:40"
828,"9999","Develop","IA_Menu_Toggle_Right","Started","2024-2-27 11:12:41"
829,"9999","Develop","IA_Menu_Toggle_Right","Completed","2024-2-27 11:12:41"
830,"9999","Develop","IA_Menu_Toggle_Right","Started","2024-2-27 11:12:42"
831,"9999","Develop","IA_Menu_Toggle_Right","Completed","2024-2-27 11:12:42"
832,"9999","Develop","IA_Menu_Toggle_Right","Started","2024-2-27 11:12:44"
833,"9999","Develop","IA_Menu_Toggle_Right","Completed","2024-2-27 11:12:44"
834,"9999","Develop","IA_Menu_Toggle_Right","Started","2024-2-27 11:12:45"
835,"9999","Develop","IA_Menu_Toggle_Right","Completed","2024-2-27 11:12:45"
836,"9999","Develop","IA_Menu_Toggle_Right","Started","2024-2-27 11:12:48"
837,"9999","Develop","IA_Menu_Toggle_Right","Completed","2024-2-27 11:12:48"
838,"9999","Develop","IA_Menu_Toggle_Right","Started","2024-2-27 11:12:50"
839,"9999","Develop","IA_Menu_Toggle_Right","Completed","2024-2-27 11:12:50"
840,"9999","Develop","IA_Menu_Toggle_Right","Started","2024-2-27 11:12:50"
841,"9999","Develop","IA_Menu_Toggle_Right","Completed","2024-2-27 11:12:50"
842,"9999","Develop","IA_Menu_Toggle_Right","Started","2024-2-27 11:12:50"
843,"9999","Develop","IA_Menu_Toggle_Right","Completed","2024-2-27 11:12:50"
844,"9999","Develop","IA_Menu_Toggle_Right","Started","2024-2-27 11:12:50"
845,"9999","Develop","IA_Menu_Toggle_Right","Completed","2024-2-27 11:12:50"
846,"9999","Develop","IA_Menu_Toggle_Right","Started","2024-2-27 11:12:50"
847,"9999","Develop","IA_Menu_Toggle_Right","Completed","2024-2-27 11:12:50"
848,"9999","Develop","IA_Menu_Toggle_Right","Started","2024-2-27 11:12:52"
849,"9999","Develop","IA_Menu_Toggle_Right","Completed","2024-2-27 11:12:52"
850,"9999","Develop","IA_Menu_Toggle_Right","Started","2024-2-27 11:12:53"
851,"9999","Develop","IA_Menu_Toggle_Right","Completed","2024-2-27 11:12:53"
852,"9999","Develop","IA_Menu_Toggle_Right","Started","2024-2-27 11:13:8"
853,"9999","Develop","IA_Menu_Toggle_Right","Completed","2024-2-27 11:13:8"
854,"9999","Develop","IA_Menu_Toggle_Right","Started","2024-2-27 11:13:8"
855,"9999","Develop","IA_Menu_Toggle_Right","Completed","2024-2-27 11:13:8"
856,"9999","Develop","IA_Menu_Toggle_Right","Started","2024-2-27 11:13:9"
857,"9999","Develop","IA_Menu_Toggle_Right","Completed","2024-2-27 11:13:9"
858,"9999","Develop","IA_Menu_Toggle_Right","Started","2024-2-27 11:13:10"
859,"9999","Develop","IA_Menu_Toggle_Right","Completed","2024-2-27 11:13:10"
860,"9999","Develop","IA_Menu_Toggle_Right","Started","2024-2-27 11:13:10"
861,"9999","Develop","IA_Menu_Toggle_Right","Completed","2024-2-27 11:13:11"
862,"9999","Develop","IA_Menu_Toggle_Right","Started","2024-2-27 11:13:11"
863,"9999","Develop","IA_Menu_Toggle_Right","Completed","2024-2-27 11:13:11"
864,"9999","Develop","IA_Menu_Toggle_Right","Started","2024-2-27 11:13:11"
865,"9999","Develop","IA_Menu_Toggle_Right","Completed","2024-2-27 11:13:11"
866,"9999","Develop","IA_Menu_Toggle_Right","Started","2024-2-27 11:13:11"
867,"9999","Develop","IA_Menu_Toggle_Right","Completed","2024-2-27 11:13:11"
868,"9999","Develop","IA_Menu_Toggle_Right","Started","2024-2-27 11:13:11"
869,"9999","Develop","IA_Menu_Toggle_Right","Completed","2024-2-27 11:13:11"
870,"9999","Develop","IA_Menu_Toggle_Right","Started","2024-2-27 11:13:11"
871,"9999","Develop","IA_Menu_Toggle_Right","Completed","2024-2-27 11:13:11"
872,"9999","Develop","IA_Menu_Toggle_Right","Started","2024-2-27 11:13:11"
873,"9999","Develop","IA_Menu_Toggle_Right","Completed","2024-2-27 11:13:12"
874,"9999","Develop","IA_Menu_Toggle_Right","Started","2024-2-27 11:13:12"
875,"9999","Develop","IA_Menu_Toggle_Right","Completed","2024-2-27 11:13:12"
876,"9999","Develop","IA_Menu_Toggle_Right","Started","2024-2-27 11:13:12"
877,"9999","Develop","IA_Menu_Toggle_Right","Completed","2024-2-27 11:13:12"
878,"9999","Develop","IA_Menu_Toggle_Right","Started","2024-2-27 11:13:12"
879,"9999","Develop","IA_Menu_Toggle_Right","Completed","2024-2-27 11:13:12"
880,"9999","Develop","IA_Menu_Toggle_Right","Started","2024-2-27 11:13:12"
881,"9999","Develop","IA_Menu_Toggle_Right","Completed","2024-2-27 11:13:12"
882,"9999","Develop","IA_Menu_Toggle_Right","Started","2024-2-27 11:13:12"
883,"9999","Develop","IA_Menu_Toggle_Right","Completed","2024-2-27 11:13:12"
884,"9999","Develop","IA_Menu_Toggle_Right","Started","2024-2-27 11:13:13"
885,"9999","Develop","IA_Menu_Toggle_Right","Completed","2024-2-27 11:13:13"
886,"9999","Develop","IA_Menu_Toggle_Right","Started","2024-2-27 11:13:13"
887,"9999","Develop","IA_Menu_Toggle_Right","Completed","2024-2-27 11:13:13"
888,"9999","Develop","IA_Menu_Toggle_Right","Started","2024-2-27 11:13:13"
889,"9999","Develop","IA_Menu_Toggle_Right","Completed","2024-2-27 11:13:13"
890,"9999","Develop","IA_Menu_Toggle_Right","Started","2024-2-27 11:13:13"
891,"9999","Develop","IA_Menu_Toggle_Right","Completed","2024-2-27 11:13:13"
892,"9999","Develop","IA_Menu_Toggle_Right","Started","2024-2-27 11:13:13"
893,"9999","Develop","IA_Menu_Toggle_Right","Completed","2024-2-27 11:13:13"
894,"9999","Develop","IA_Menu_Toggle_Right","Started","2024-2-27 11:13:14"
895,"9999","Develop","IA_Menu_Toggle_Right","Completed","2024-2-27 11:13:14"
896,"9999","Develop","IA_Menu_Toggle_Right","Started","2024-2-27 11:13:14"
897,"9999","Develop","IA_Menu_Toggle_Right","Completed","2024-2-27 11:13:14"
898,"9999","Develop","IA_Menu_Toggle_Right","Started","2024-2-27 11:13:14"
899,"9999","Develop","IA_Menu_Toggle_Right","Completed","2024-2-27 11:13:14"
900,"9999","Develop","IA_Menu_Toggle_Right","Started","2024-2-27 11:13:14"
901,"9999","Develop","IA_Menu_Toggle_Right","Completed","2024-2-27 11:13:14"
902,"9999","Develop","IA_Menu_Toggle_Right","Started","2024-2-27 11:13:14"
903,"9999","Develop","IA_Menu_Toggle_Right","Completed","2024-2-27 11:13:14"
904,"9999","Develop","IA_Menu_Toggle_Right","Started","2024-2-27 11:13:15"
905,"9999","Develop","IA_Menu_Toggle_Right","Completed","2024-2-27 11:13:15"
906,"9999","Develop","IA_Menu_Toggle_Right","Started","2024-2-27 11:13:15"
907,"9999","Develop","IA_Menu_Toggle_Right","Completed","2024-2-27 11:13:15"
908,"9999","Develop","IA_Menu_Toggle_Right","Started","2024-2-27 11:13:15"
909,"9999","Develop","IA_Menu_Toggle_Right","Completed","2024-2-27 11:13:15"
910,"9999","Develop","IA_Menu_Toggle_Right","Started","2024-2-27 11:13:15"
911,"9999","Develop","IA_Menu_Toggle_Right","Completed","2024-2-27 11:13:15"
912,"9999","Develop","IA_Menu_Toggle_Right","Started","2024-2-27 11:13:15"
913,"9999","Develop","IA_Menu_Toggle_Right","Completed","2024-2-27 11:13:16"
914,"9999","Develop","IA_Menu_Toggle_Right","Started","2024-2-27 11:13:16"
915,"9999","Develop","IA_Menu_Toggle_Right","Completed","2024-2-27 11:13:16"
916,"9999","Develop","IA_Menu_Toggle_Right","Started","2024-2-27 11:13:18"
917,"9999","Develop","IA_Menu_Toggle_Right","Completed","2024-2-27 11:13:18"
918,"9999","Develop","IA_Menu_Toggle_Right","Started","2024-2-27 11:13:19"
919,"9999","Develop","IA_Menu_Toggle_Right","Completed","2024-2-27 11:13:19"
920,"9999","Develop","IA_Menu_Toggle_Right","Started","2024-2-27 11:13:19"
921,"9999","Develop","IA_Menu_Toggle_Right","Completed","2024-2-27 11:13:19"
922,"9999","Develop","IA_Menu_Toggle_Right","Started","2024-2-27 11:13:19"
923,"9999","Develop","IA_Menu_Toggle_Right","Completed","2024-2-27 11:13:20"
924,"9999","Develop","IA_Menu_Toggle_Right","Started","2024-2-27 11:13:20"
925,"9999","Develop","IA_Menu_Toggle_Right","Completed","2024-2-27 11:13:20"
926,"9999","Develop","IA_Menu_Toggle_Right","Started","2024-2-27 11:13:20"
927,"9999","Develop","IA_Menu_Toggle_Right","Completed","2024-2-27 11:13:20"
928,"9999","Develop","IA_Menu_Toggle_Right","Started","2024-2-27 11:13:20"
929,"9999","Develop","IA_Menu_Toggle_Right","Completed","2024-2-27 11:13:20"
930,"9999","Develop","IA_Menu_Toggle_Right","Started","2024-2-27 11:13:20"
931,"9999","Develop","IA_Menu_Toggle_Right","Completed","2024-2-27 11:13:20"
932,"9999","Develop","IA_Menu_Toggle_Right","Started","2024-2-27 11:13:21"
933,"9999","Develop","IA_Menu_Toggle_Right","Completed","2024-2-27 11:13:21"
934,"9999","Develop","IA_Menu_Toggle_Right","Started","2024-2-27 11:13:21"
935,"9999","Develop","IA_Menu_Toggle_Right","Completed","2024-2-27 11:13:21"
936,"9999","Develop","IA_Menu_Toggle_Right","Started","2024-2-27 11:13:21"
937,"9999","Develop","IA_Menu_Toggle_Right","Completed","2024-2-27 11:13:21"
938,"9999","Develop","IA_Menu_Toggle_Right","Started","2024-2-27 11:13:22"
939,"9999","Develop","IA_Menu_Toggle_Right","Completed","2024-2-27 11:13:22"
940,"9999","Develop","IA_Menu_Toggle_Right","Started","2024-2-27 11:13:22"
941,"9999","Develop","IA_Menu_Toggle_Right","Completed","2024-2-27 11:13:22"
942,"9999","Develop","IA_Menu_Toggle_Right","Started","2024-2-27 11:13:22"
943,"9999","Develop","IA_Menu_Toggle_Right","Completed","2024-2-27 11:13:22"
944,"9999","Develop","IA_Menu_Toggle_Right","Started","2024-2-27 11:13:23"
945,"9999","Develop","IA_Menu_Toggle_Right","Completed","2024-2-27 11:13:23"
946,"9999","Develop","IA_Menu_Toggle_Right","Started","2024-2-27 11:13:23"
947,"9999","Develop","IA_Menu_Toggle_Right","Completed","2024-2-27 11:13:23"
948,"9999","Develop","IA_Menu_Toggle_Right","Started","2024-2-27 11:13:23"
949,"9999","Develop","IA_Menu_Toggle_Right","Completed","2024-2-27 11:13:23"
950,"9999","Develop","IA_Menu_Toggle_Right","Started","2024-2-27 11:13:23"
951,"9999","Develop","IA_Menu_Toggle_Right","Completed","2024-2-27 11:13:23"
952,"9999","Develop","IA_Menu_Toggle_Right","Started","2024-2-27 11:13:23"
953,"9999","Develop","IA_Menu_Toggle_Right","Completed","2024-2-27 11:13:23"
954,"9999","Develop","IA_Menu_Toggle_Right","Started","2024-2-27 11:13:24"
955,"9999","Develop","IA_Menu_Toggle_Right","Completed","2024-2-27 11:13:24"
956,"9999","Develop","IA_Menu_Toggle_Right","Started","2024-2-27 11:13:24"
957,"9999","Develop","IA_Menu_Toggle_Right","Completed","2024-2-27 11:13:24"
958,"9999","Develop","IA_Menu_Toggle_Right","Started","2024-2-27 11:13:24"
959,"9999","Develop","IA_Menu_Toggle_Right","Completed","2024-2-27 11:13:24"
960,"9999","Develop","IA_Menu_Toggle_Right","Started","2024-2-27 11:13:24"
961,"9999","Develop","IA_Menu_Toggle_Right","Completed","2024-2-27 11:13:25"
962,"9999","Develop","IA_Menu_Toggle_Right","Started","2024-2-27 11:15:9"
963,"9999","Develop","IA_Menu_Toggle_Right","Completed","2024-2-27 11:15:9"
964,"9999","Develop","IA_Menu_Toggle_Right","Started","2024-2-27 11:15:11"
965,"9999","Develop","IA_Menu_Toggle_Right","Completed","2024-2-27 11:15:11"
966,"9999","Develop","IA_Menu_Toggle_Right","Started","2024-2-27 11:15:12"
967,"9999","Develop","IA_Menu_Toggle_Right","Completed","2024-2-27 11:15:13"
968,"9999","Develop","IA_Menu_Toggle_Right","Started","2024-2-27 11:15:15"
969,"9999","Develop","IA_Menu_Toggle_Right","Completed","2024-2-27 11:15:15"
970,"9999","Develop","IA_Menu_Toggle_Right","Started","2024-2-27 11:15:16"
971,"9999","Develop","IA_Menu_Toggle_Right","Completed","2024-2-27 11:15:17"
972,"9999","Develop","IA_Menu_Toggle_Right","Started","2024-2-27 11:15:19"
973,"9999","Develop","IA_Menu_Toggle_Right","Completed","2024-2-27 11:15:19"
974,"9999","Develop","IA_Menu_Toggle_Right","Started","2024-2-27 11:15:20"
975,"9999","Develop","IA_Menu_Toggle_Right","Completed","2024-2-27 11:15:20"
976,"9999","Develop","IA_Menu_Toggle_Right","Started","2024-2-27 11:22:21"
977,"9999","Develop","IA_Menu_Toggle_Right","Completed","2024-2-27 11:22:21"
978,"9999","Develop","IA_Menu_Interact_Right","Started","2024-2-27 11:22:23"
979,"9999","Develop","IA_Menu_Interact_Right","Completed","2024-2-27 11:22:23"
980,"9999","Develop","IA_Menu_Interact_Right","Started","2024-2-27 11:22:24"
981,"9999","Develop","IA_Menu_Interact_Right","Completed","2024-2-27 11:22:24"
982,"9999","Develop","IA_Menu_Interact_Right","Started","2024-2-27 11:22:24"
983,"9999","Develop","IA_Menu_Interact_Right","Completed","2024-2-27 11:22:24"
984,"9999","Develop","IA_Menu_Interact_Right","Started","2024-2-27 11:22:25"
985,"9999","Develop","IA_Menu_Interact_Right","Completed","2024-2-27 11:22:25"
986,"9999","Develop","IA_Menu_Toggle_Right","Started","2024-2-27 11:24:44"
987,"9999","Develop","IA_Menu_Toggle_Right","Completed","2024-2-27 11:24:44"
988,"9999","Develop","IA_Menu_Interact_Right","Started","2024-2-27 11:24:45"
989,"9999","Develop","IA_Menu_Interact_Right","Completed","2024-2-27 11:24:45"
990,"9999","Develop","IA_Menu_Interact_Right","Started","2024-2-27 11:24:46"
991,"9999","Develop","IA_Menu_Interact_Right","Completed","2024-2-27 11:24:46"
992,"9999","Develop","IA_Menu_Interact_Right","Started","2024-2-27 11:24:46"
993,"9999","Develop","IA_Menu_Interact_Right","Completed","2024-2-27 11:24:46"
994,"9999","Develop","IA_Menu_Interact_Right","Started","2024-2-27 11:24:46"
995,"9999","Develop","IA_Menu_Interact_Right","Completed","2024-2-27 11:24:46"
996,"9999","Develop","IA_Menu_Interact_Right","Started","2024-2-27 11:24:47"
997,"9999","Develop","IA_Menu_Interact_Right","Completed","2024-2-27 11:24:47"
998,"9999","Develop","IA_Menu_Interact_Right","Started","2024-2-27 11:24:47"
999,"9999","Develop","IA_Menu_Interact_Right","Completed","2024-2-27 11:24:47"
1000,"9999","Develop","IA_Menu_Interact_Right","Started","2024-2-27 11:24:47"
1001,"9999","Develop","IA_Menu_Interact_Right","Completed","2024-2-27 11:24:47"
1002,"9999","Develop","IA_Menu_Interact_Right","Started","2024-2-27 11:24:48"
1003,"9999","Develop","IA_Menu_Interact_Right","Completed","2024-2-27 11:24:48"
1004,"9999","Develop","IA_Menu_Interact_Right","Started","2024-2-27 11:24:49"
1005,"9999","Develop","IA_Menu_Interact_Right","Completed","2024-2-27 11:24:49"
1006,"9999","Develop","IA_Menu_Interact_Right","Started","2024-2-27 11:24:49"
1007,"9999","Develop","IA_Menu_Interact_Right","Completed","2024-2-27 11:24:49"
1008,"9999","Develop","IA_Menu_Interact_Right","Started","2024-2-27 11:24:52"
1009,"9999","Develop","IA_Menu_Interact_Right","Completed","2024-2-27 11:24:52"
1010,"9999","Develop","IA_Menu_Interact_Right","Started","2024-2-27 11:24:52"
1011,"9999","Develop","IA_Menu_Interact_Right","Completed","2024-2-27 11:24:52"
1012,"9999","Develop","IA_Menu_Toggle_Right","Started","2024-2-27 11:39:22"
1013,"9999","Develop","IA_Menu_Toggle_Right","Completed","2024-2-27 11:39:22"
1014,"9999","Develop","IA_Menu_Toggle_Right","Started","2024-2-27 11:39:24"
1015,"9999","Develop","IA_Menu_Toggle_Right","Completed","2024-2-27 11:39:24"
1016,"9999","Develop","IA_Menu_Toggle_Right","Started","2024-2-27 11:39:25"
1017,"9999","Develop","IA_Menu_Toggle_Right","Completed","2024-2-27 11:39:25"
1018,"9999","Develop","IA_Menu_Toggle_Right","Started","2024-2-27 11:39:26"
1019,"9999","Develop","IA_Menu_Toggle_Right","Completed","2024-2-27 11:39:26"
1020,"9999","Develop","IA_Menu_Toggle_Right","Started","2024-2-27 11:39:27"
1021,"9999","Develop","IA_Menu_Toggle_Right","Completed","2024-2-27 11:39:27"
1022,"9999","Develop","IA_Menu_Toggle_Right","Started","2024-2-27 11:39:27"
1023,"9999","Develop","IA_Menu_Toggle_Right","Completed","2024-2-27 11:39:27"
1024,"9999","Develop","IA_Menu_Toggle_Right","Started","2024-2-27 11:39:29"
1025,"9999","Develop","IA_Menu_Toggle_Right","Completed","2024-2-27 11:39:29"
1026,"9999","Develop","IA_Menu_Interact_Right","Started","2024-2-27 11:39:31"
1027,"9999","Develop","IA_Menu_Interact_Right","Completed","2024-2-27 11:39:32"
1028,"9999","Develop","IA_Menu_Interact_Right","Started","2024-2-27 11:39:34"
1029,"9999","Develop","IA_Menu_Interact_Right","Completed","2024-2-27 11:39:34"
1030,"9999","Develop","IA_Menu_Toggle_Right","Started","2024-2-27 12:3:17"
1031,"9999","Develop","IA_Menu_Toggle_Right","Completed","2024-2-27 12:3:17"
1032,"9999","Develop","IA_Menu_Toggle_Right","Started","2024-2-27 12:3:17"
1033,"9999","Develop","IA_Menu_Toggle_Right","Completed","2024-2-27 12:3:17"
1034,"9999","Develop","IA_Menu_Toggle_Right","Started","2024-2-27 12:3:18"
1035,"9999","Develop","IA_Menu_Toggle_Right","Completed","2024-2-27 12:3:18"
1036,"9999","Develop","IA_Menu_Toggle_Right","Started","2024-2-27 12:3:18"
1037,"9999","Develop","IA_Menu_Toggle_Right","Completed","2024-2-27 12:3:19"
1038,"9999","Develop","IA_Menu_Toggle_Right","Started","2024-2-27 12:3:19"
1039,"9999","Develop","IA_Menu_Toggle_Right","Completed","2024-2-27 12:3:19"
1040,"9999","Develop","IA_Menu_Toggle_Right","Started","2024-2-27 12:3:19"
1041,"9999","Develop","IA_Menu_Toggle_Right","Completed","2024-2-27 12:3:19"
1042,"9999","Develop","IA_Menu_Toggle_Right","Started","2024-2-27 12:3:22"
1043,"9999","Develop","IA_Menu_Toggle_Right","Completed","2024-2-27 12:3:22"
1044,"9999","Develop","IA_Menu_Toggle_Right","Started","2024-2-27 12:3:22"
1045,"9999","Develop","IA_Menu_Toggle_Right","Completed","2024-2-27 12:3:22"
1046,"9999","Develop","IA_Menu_Toggle_Right","Started","2024-2-27 12:3:23"
1047,"9999","Develop","IA_Menu_Toggle_Right","Completed","2024-2-27 12:3:23"
1048,"9999","Develop","IA_Menu_Toggle_Right","Started","2024-2-27 12:3:23"
1049,"9999","Develop","IA_Menu_Toggle_Right","Completed","2024-2-27 12:3:23"
1050,"9999","Develop","IA_Move_Right","Started","2024-2-27 12:3:24"
1051,"9999","Develop","IA_Move_Right","Completed","2024-2-27 12:3:24"
1052,"9999","Develop","IA_Move_Right","Started","2024-2-27 12:3:25"
1053,"9999","Develop","IA_Move_Right","Completed","2024-2-27 12:3:25"
1054,"9999","Develop","IA_Move_Right","Started","2024-2-27 12:3:25"
1055,"9999","Develop","IA_Move_Right","Completed","2024-2-27 12:3:25"
1056,"9999","Develop","IA_Menu_Toggle_Right","Started","2024-2-27 12:3:27"
1057,"9999","Develop","IA_Menu_Toggle_Right","Completed","2024-2-27 12:3:27"
1058,"9999","Develop","IA_Menu_Toggle_Right","Started","2024-2-27 12:3:28"
1059,"9999","Develop","IA_Menu_Toggle_Right","Completed","2024-2-27 12:3:28"
1060,"9999","Develop","IA_Menu_Toggle_Right","Started","2024-2-27 12:3:30"
1061,"9999","Develop","IA_Menu_Toggle_Right","Completed","2024-2-27 12:3:30"
1062,"9999","Develop","IA_Menu_Toggle_Right","Started","2024-2-27 12:6:54"
1063,"9999","Develop","IA_Menu_Toggle_Right","Completed","2024-2-27 12:6:54"
1064,"9999","Develop","IA_Menu_Toggle_Right","Started","2024-2-27 12:6:55"
1065,"9999","Develop","IA_Menu_Toggle_Right","Completed","2024-2-27 12:6:55"
1066,"9999","Develop","IA_Menu_Toggle_Right","Started","2024-2-27 12:7:5"
1067,"9999","Develop","IA_Menu_Toggle_Right","Completed","2024-2-27 12:7:5"
1068,"9999","Develop","IA_Menu_Toggle_Right","Started","2024-2-27 12:7:7"
1069,"9999","Develop","IA_Menu_Toggle_Right","Completed","2024-2-27 12:7:7"
1070,"9999","Develop","IA_Menu_Toggle_Right","Started","2024-2-27 12:7:9"
1071,"9999","Develop","IA_Menu_Toggle_Right","Completed","2024-2-27 12:7:9"
1072,"9999","Develop","IA_Menu_Toggle_Right","Started","2024-2-27 12:7:10"
1073,"9999","Develop","IA_Menu_Toggle_Right","Completed","2024-2-27 12:7:10"
1074,"9999","Develop","IA_Menu_Toggle_Right","Started","2024-2-27 12:7:10"
1075,"9999","Develop","IA_Menu_Toggle_Right","Completed","2024-2-27 12:7:10"
1076,"9999","Develop","IA_Menu_Toggle_Right","Started","2024-2-27 12:7:12"
1077,"9999","Develop","IA_Menu_Toggle_Right","Completed","2024-2-27 12:7:12"
1078,"9999","Develop","IA_Menu_Toggle_Right","Started","2024-2-27 12:7:13"
1079,"9999","Develop","IA_Menu_Toggle_Right","Completed","2024-2-27 12:7:13"
1080,"9999","S1_BasicMechanics","IA_Menu_Toggle_Right","Started","2024-2-27 12:24:35"
1081,"9999","S1_BasicMechanics","IA_Menu_Toggle_Right","Completed","2024-2-27 12:24:36"
1082,"9999","S1_BasicMechanics","IA_Menu_Toggle_Right","Started","2024-2-27 12:24:36"
1083,"9999","S1_BasicMechanics","IA_Menu_Toggle_Right","Completed","2024-2-27 12:24:36"
1084,"9999","Develop","IA_Menu_Toggle_Right","Started","2024-2-27 12:36:6"
1085,"9999","Develop","IA_Menu_Toggle_Right","Completed","2024-2-27 12:36:6"
1086,"9999","Develop","IA_Menu_Interact_Right","Started","2024-2-27 12:36:9"
1087,"9999","Develop","IA_Menu_Interact_Right","Completed","2024-2-27 12:36:9"
1088,"9999","Develop","IA_Menu_Toggle_Right","Started","2024-2-27 15:43:0"
1089,"9999","Develop","IA_Menu_Toggle_Right","Completed","2024-2-27 15:43:0"
1090,"9999","Develop","IA_Menu_Toggle_Right","Started","2024-2-27 15:43:22"
1091,"9999","Develop","IA_Menu_Toggle_Right","Completed","2024-2-27 15:43:22"
1092,"9999","Develop","IA_Menu_Toggle_Right","Started","2024-2-27 15:44:2"
1093,"9999","Develop","IA_Menu_Toggle_Right","Completed","2024-2-27 15:44:2"
1094,"9999","Develop","IA_Menu_Interact_Right","Started","2024-2-27 15:44:4"
1095,"9999","Develop","IA_Menu_Interact_Right","Completed","2024-2-27 15:44:5"
1096,"9999","Develop","IA_Menu_Interact_Right","Started","2024-2-27 15:44:10"
1097,"9999","Develop","IA_Menu_Interact_Right","Completed","2024-2-27 15:44:10"
1098,"9999","Develop","IA_Menu_Interact_Right","Started","2024-2-27 15:44:11"
1099,"9999","Develop","IA_Menu_Interact_Right","Completed","2024-2-27 15:44:11"
1100,"9999","Develop","IA_Menu_Interact_Right","Started","2024-2-27 15:44:15"
1101,"9999","Develop","IA_Menu_Interact_Right","Completed","2024-2-27 15:44:15"
1102,"9999","Develop","IA_Menu_Interact_Right","Started","2024-2-27 15:44:18"
1103,"9999","Develop","IA_Menu_Interact_Right","Completed","2024-2-27 15:44:18"
1104,"9999","Develop","IA_Menu_Interact_Right","Started","2024-2-27 15:44:22"
1105,"9999","Develop","IA_Menu_Interact_Right","Completed","2024-2-27 15:44:22"
1106,"9999","Develop","IA_Menu_Interact_Right","Started","2024-2-27 15:44:23"
1107,"9999","Develop","IA_Menu_Interact_Right","Completed","2024-2-27 15:44:23"
1108,"9999","Develop","IA_Menu_Interact_Right","Started","2024-2-27 15:44:24"
1109,"9999","Develop","IA_Menu_Interact_Right","Completed","2024-2-27 15:44:24"
1110,"9999","Develop","IA_Menu_Toggle_Right","Started","2024-2-27 15:48:54"
1111,"9999","Develop","IA_Menu_Toggle_Right","Completed","2024-2-27 15:48:54"
1112,"9999","Develop","IA_Menu_Interact_Right","Started","2024-2-27 15:48:58"
1113,"9999","Develop","IA_Menu_Interact_Right","Completed","2024-2-27 15:48:58"
1114,"9999","Develop","IA_Menu_Interact_Right","Started","2024-2-27 15:49:0"
1115,"9999","Develop","IA_Menu_Interact_Right","Completed","2024-2-27 15:49:1"
1116,"9999","Develop","IA_Menu_Interact_Right","Started","2024-2-27 15:49:3"
1117,"9999","Develop","IA_Menu_Interact_Right","Completed","2024-2-27 15:49:3"
1118,"9999","Develop","IA_Menu_Toggle_Right","Started","2024-2-27 15:49:43"
1119,"9999","Develop","IA_Menu_Toggle_Right","Completed","2024-2-27 15:49:43"
1120,"9999","Develop","IA_Menu_Interact_Right","Started","2024-2-27 15:49:49"
1121,"9999","Develop","IA_Menu_Interact_Right","Completed","2024-2-27 15:49:49"
1122,"9999","Develop","IA_Menu_Interact_Right","Started","2024-2-27 15:49:55"
1123,"9999","Develop","IA_Menu_Interact_Right","Completed","2024-2-27 15:49:55"
1124,"9999","Develop","IA_Menu_Interact_Right","Started","2024-2-27 15:49:56"
1125,"9999","Develop","IA_Menu_Interact_Right","Completed","2024-2-27 15:49:57"
1126,"9999","Develop","IA_Menu_Toggle_Right","Started","2024-2-27 15:50:8"
1127,"9999","Develop","IA_Menu_Toggle_Right","Completed","2024-2-27 15:50:8"
1128,"9999","Develop","IA_Menu_Interact_Right","Started","2024-2-27 15:50:10"
1129,"9999","Develop","IA_Menu_Interact_Right","Completed","2024-2-27 15:50:10"
1130,"9999","Develop","IA_Menu_Toggle_Right","Started","2024-2-27 16:4:49"
1131,"9999","Develop","IA_Menu_Toggle_Right","Completed","2024-2-27 16:4:49"
1132,"9999","Develop","IA_Menu_Interact_Right","Started","2024-2-27 16:4:51"
1133,"9999","Develop","IA_Menu_Interact_Right","Completed","2024-2-27 16:4:51"
1134,"9999","Develop","IA_Menu_Toggle_Right","Started","2024-2-27 16:5:1"
1135,"9999","Develop","IA_Menu_Toggle_Right","Completed","2024-2-27 16:5:1"
1136,"9999","Develop","IA_Menu_Interact_Right","Started","2024-2-27 16:5:2"
1137,"9999","Develop","IA_Menu_Interact_Right","Completed","2024-2-27 16:5:2"
1138,"9999","Develop","IA_Menu_Interact_Right","Started","2024-2-27 16:5:4"
1139,"9999","Develop","IA_Menu_Interact_Right","Completed","2024-2-27 16:5:4"
1140,"9999","Develop","IA_Menu_Interact_Right","Started","2024-2-27 16:5:4"
1141,"9999","Develop","IA_Menu_Interact_Right","Completed","2024-2-27 16:5:5"
1142,"9999","Develop","IA_Menu_Interact_Right","Started","2024-2-27 16:5:7"
1143,"9999","Develop","IA_Menu_Interact_Right","Completed","2024-2-27 16:5:7"
1144,"9999","Develop","IA_Menu_Toggle_Right","Started","2024-2-27 16:5:24"
1145,"9999","Develop","IA_Menu_Toggle_Right","Completed","2024-2-27 16:5:24"
1146,"9999","Develop","IA_Menu_Interact_Right","Started","2024-2-27 16:5:26"
1147,"9999","Develop","IA_Menu_Interact_Right","Completed","2024-2-27 16:5:26"
1148,"9999","Develop","IA_Menu_Interact_Right","Started","2024-2-27 16:5:29"
1149,"9999","Develop","IA_Menu_Interact_Right","Completed","2024-2-27 16:5:29"
1150,"9999","Develop","IA_Menu_Interact_Right","Started","2024-2-27 16:5:31"
1151,"9999","Develop","IA_Menu_Interact_Right","Completed","2024-2-27 16:5:31"